iteration,sample_idx,beta_true,beta_pred,beta_error,gamma_true,gamma_pred,gamma_error,r0_true,r0_pred,r0_error
0,310,0.7727758,0.6463037,-0.12647212,0.76715875,0.60688764,-0.16027111,1.007322,1.0649478,0.05762589
0,440,0.5036086,0.62043417,0.11682558,0.50634325,0.5460401,0.039696872,0.9945992,1.1362429,0.14164364
0,6,0.76721853,0.7231361,-0.044082403,0.76848626,0.745231,-0.023255289,0.9983504,0.9703517,-0.027998686
0,184,0.83414954,0.76896596,-0.06518358,0.83649135,0.7781909,-0.058300436,0.9972004,0.98814565,-0.00905478
0,78,0.50863624,0.62422943,0.115593195,0.5070559,0.5547271,0.0476712,1.0031167,1.1252911,0.12217438
0,406,1.5,0.620715,-0.879285,0.1,0.54624844,0.44624844,15.0,1.1363237,-13.863676
0,523,1.5,0.6208834,-0.8791166,0.1,0.5467353,0.4467353,15.0,1.1356198,-13.86438
0,486,0.7420644,0.6368678,-0.105196595,0.7347957,0.58348894,-0.15130675,1.0098922,1.0914823,0.08159006
0,117,0.7706421,0.6206359,-0.15000618,0.76778543,0.5464931,-0.22129232,1.0037206,1.1356702,0.13194954
0,137,0.82769024,0.6770378,-0.15065247,0.83777106,0.7087427,-0.12902838,0.9879671,0.955266,-0.032701075
0,10,0.7522744,0.6204097,-0.13186467,0.7739663,0.5463942,-0.22757208,0.97197306,1.1354617,0.16348863
0,510,0.771415,0.6447508,-0.12666422,0.7673815,0.60245353,-0.16492796,1.0052562,1.0702083,0.064952135
0,75,0.50822663,0.62131506,0.11308843,0.5068403,0.54837936,0.041539073,1.0027353,1.1330023,0.13026702
0,438,0.6960843,0.6206659,-0.07541841,0.6921901,0.5466891,-0.14550102,1.005626,1.1353179,0.12969196
0,478,0.5048063,0.62111783,0.11631155,0.5052398,0.54800993,0.042770147,0.999142,1.1334062,0.13426417
0,140,0.7230016,0.65907574,-0.06392586,0.7189132,0.6577286,-0.061184585,1.0056869,1.0020481,-0.0036387444
0,2,1.5,0.62084925,-0.87915075,0.1,0.546642,0.446642,15.0,1.1357511,-13.864249
0,155,0.6541746,0.6219699,-0.032204747,0.6489666,0.5496981,-0.099268496,1.008025,1.1314753,0.12345028
0,375,0.77305096,0.62131023,-0.15174073,0.76687795,0.54859436,-0.2182836,1.0080495,1.1325494,0.12449992
0,131,0.5054248,0.6207919,0.115367115,0.50900096,0.5470731,0.03807217,0.99297416,1.1347512,0.14177704
1,505,1.5,0.6653904,-0.8346096,0.1,0.6133058,0.5133058,15.0,1.0849243,-13.915075
1,280,0.5061771,0.6519404,0.14576328,0.504607,0.52516216,0.020555139,1.0031115,1.2414078,0.23829627
1,291,0.78400767,0.65755606,-0.12645161,0.7653901,0.547041,-0.2183491,1.0243243,1.2020234,0.17769909
1,281,0.5063974,0.6524819,0.14608449,0.5075831,0.5270356,0.019452512,0.9976641,1.2380224,0.24035835
1,332,0.83001876,0.66825604,-0.16176271,0.83731353,0.73449457,-0.102818966,0.9912879,0.9098175,-0.08147037
1,287,0.6028858,0.65487516,0.051989377,0.6001373,0.5361899,-0.06394738,1.0045798,1.2213492,0.21676946
1,250,0.8314635,0.705785,-0.12567854,0.8370247,0.7853366,-0.051688075,0.99335605,0.89870375,-0.094652295
1,482,0.4975701,0.65212536,0.15455526,0.5123091,0.52471757,0.012408495,0.9712303,1.2428122,0.27158183
1,522,0.5178874,0.65505207,0.13716465,0.5144776,0.5395988,0.025121212,1.0066277,1.2139612,0.20733356
1,506,0.50044894,0.6616718,0.16122288,0.509443,0.63193554,0.12249255,0.98234534,1.0470558,0.0647105
1,519,0.5048029,0.65209156,0.14728868,0.50514317,0.52602935,0.020886183,0.99932635,1.2396486,0.24032223
1,55,0.011537295,0.6646684,0.65313107,0.9995315,0.61721885,-0.38231266,0.011542702,1.0768764,1.0653337
1,373,0.66680735,0.65380263,-0.01300472,0.66142577,0.53301513,-0.12841064,1.0081364,1.2266117,0.21847534
1,418,0.7699257,0.65729463,-0.11263108,0.7678576,0.54457814,-0.22327948,1.0026933,1.2069795,0.20428622
1,30,0.5122445,0.6555404,0.14329588,0.51042897,0.53948396,0.029055,1.003557,1.215125,0.211568
1,73,0.76703316,0.6643905,-0.102642655,0.768541,0.5742971,-0.19424391,0.99803805,1.156876,0.15883791
1,331,0.8332044,0.848687,0.0154826045,0.8367108,0.93985856,0.103147745,0.99580926,0.9029944,-0.09281486
1,68,0.7710655,0.66300803,-0.10805744,0.76816875,0.5649153,-0.20325345,1.003771,1.1736414,0.1698705
1,9,1.5,0.65372807,-0.84627193,0.1,0.52947426,0.42947426,15.0,1.234674,-13.765326
1,79,0.77094203,0.6525118,-0.11843026,0.7675715,0.5262076,-0.24136388,1.0043912,1.2400272,0.235636
2,101,0.01,0.64342237,0.6334224,1.0,0.55490136,-0.44509864,0.01,1.1595256,1.1495256
2,104,0.5140421,0.64346856,0.12942648,0.5140646,0.55982286,0.045758247,0.9999562,1.1494145,0.14945835
2,277,0.01,0.71556085,0.70556086,1.0,0.763749,-0.236251,0.01,0.9369058,0.9269058
2,132,0.50988734,0.6429014,0.13301408,0.50033504,0.5562114,0.055876374,1.0190918,1.155858,0.1367662
2,437,0.67488074,0.643417,-0.031463742,0.67142516,0.5587391,-0.11268604,1.0051466,1.1515517,0.1464051
2,325,0.5014231,0.64320177,0.14177865,0.51352966,0.5552261,0.04169643,0.9764249,1.1584502,0.18202537
2,72,0.49934432,0.6444722,0.14512786,0.51117665,0.5716529,0.060476243,0.9768528,1.1273837,0.15053093
2,228,1.5,0.6435511,-0.8564489,0.1,0.55715656,0.45715657,15.0,1.1550633,-13.844936
2,356,0.50469995,0.6430358,0.13833588,0.5052557,0.5556623,0.050406575,0.99890006,1.1572422,0.15834212
2,77,0.508295,0.6433246,0.13502961,0.511022,0.5571207,0.04609871,0.9946637,1.1547312,0.16006744
2,520,0.50648826,0.64325684,0.13676858,0.5042487,0.55875224,0.05450356,1.0044414,1.1512381,0.1467967
2,90,0.8372818,0.7799772,-0.05730462,0.83586997,0.9657524,0.12988245,1.0016891,0.8076368,-0.19405228
2,431,0.7586836,0.6433759,-0.11530775,0.770856,0.5551086,-0.21574742,0.98420924,1.159009,0.17479974
2,512,0.011221697,0.6489293,0.6377076,0.99962807,0.6159982,-0.38362986,0.011225872,1.0534598,1.042234
2,218,0.77082527,0.65333444,-0.11749083,0.7675567,0.6385493,-0.1290074,1.0042584,1.0231543,0.018895864
2,210,0.01,0.64347935,0.63347936,1.0,0.55495447,-0.44504553,0.01,1.1595174,1.1495174
2,124,0.7529978,0.6431442,-0.109853625,0.7737782,0.55545336,-0.21832484,0.97314423,1.1578726,0.18472832
2,180,0.83566666,0.8147482,-0.020918429,0.83619034,0.9930656,0.15687525,0.99937373,0.8204375,-0.17893624
2,461,0.505724,0.64320594,0.13748193,0.5042422,0.5554468,0.05120462,1.0029387,1.1579974,0.15505862
2,348,0.4973425,0.6433545,0.14601198,0.5197185,0.5547269,0.03500837,0.9569459,1.159768,0.20282209
3,335,0.8315617,0.67009735,-0.16146433,0.8370051,0.7078409,-0.12916416,0.9934966,0.9466779,-0.046818674
3,234,0.82658535,0.65631515,-0.1702702,0.83798456,0.6658483,-0.17213625,0.98639685,0.98568267,-0.00071418285
3,318,0.766336,0.6293454,-0.1369906,0.76875806,0.5699698,-0.19878829,0.9968494,1.1041733,0.107323885
3,410,0.8317723,0.67724663,-0.1545257,0.8369635,0.7310405,-0.105923,0.99379766,0.92641467,-0.06738299
3,70,1.5,0.6340687,-0.8659313,0.1,0.5866926,0.48669258,15.0,1.0807513,-13.919249
3,397,0.51039565,0.63101846,0.12062281,0.5184377,0.55352265,0.035084963,0.98448795,1.1400048,0.1555168
3,148,0.6431599,0.6322131,-0.01094681,0.6376758,0.54708767,-0.09058815,1.0086001,1.1555974,0.14699733
3,84,0.51550144,0.628647,0.11314559,0.5203,0.57258314,0.052283168,0.9907774,1.097914,0.10713661
3,63,1.5,0.6338619,-0.8661381,0.1,0.5459941,0.4459941,15.0,1.1609318,-13.839068
3,360,0.50420016,0.6334821,0.12928194,0.50576085,0.54431957,0.03855872,0.99691415,1.1638055,0.16689134
3,89,0.8363548,0.73652047,-0.09983432,0.83605367,0.87427765,0.03822398,1.0003601,0.84243315,-0.15792698
3,245,0.5052501,0.6339542,0.12870413,0.50471956,0.54265016,0.037930608,1.0010512,1.1682558,0.16720462
3,177,0.6388476,0.632523,-0.0063245893,0.6340761,0.58495694,-0.049119174,1.0075251,1.0813155,0.07379043
3,33,0.5099194,0.6311699,0.12125051,0.51073855,0.5530718,0.042333245,0.99839616,1.1412079,0.14281178
3,76,0.5061867,0.63125825,0.12507153,0.5037894,0.5495652,0.04577577,1.0047585,1.1486503,0.14389181
3,82,0.699935,0.6425045,-0.057430506,0.69799465,0.6237528,-0.07424188,1.00278,1.0300628,0.027282834
3,0,0.50673187,0.64635944,0.13962758,0.51119673,0.65232855,0.14113182,0.99126583,0.99084955,-0.00041627884
3,11,1.5,0.6313941,-0.8686059,0.1,0.58033526,0.48033527,15.0,1.0879816,-13.912019
3,247,0.5825742,0.644164,0.061589837,0.5900202,0.6480477,0.058027506,0.9873801,0.9940071,0.006627023
3,22,0.01,0.6321902,0.62219024,1.0,0.55278915,-0.44721085,0.01,1.1436372,1.1336372
4,253,1.5,0.63660413,-0.86339587,0.1,0.5559842,0.4559842,15.0,1.145004,-13.854996
4,425,0.7043357,0.63899475,-0.065340936,0.70241374,0.5614944,-0.14091933,1.0027362,1.1380252,0.13528895
4,225,0.5144325,0.63812894,0.12369645,0.5163954,0.5597339,0.043338537,0.99619883,1.1400577,0.14385885
4,517,0.8346217,0.70969397,-0.12492776,0.8363977,0.9449722,0.10857451,0.99787664,0.75102097,-0.24685568
4,158,0.82885706,0.6607033,-0.16815376,0.8375401,0.66952527,-0.16801482,0.9896327,0.98682356,-0.002809167
4,426,0.49900034,0.63585603,0.13685569,0.5108598,0.55518895,0.044329166,0.9767853,1.1452966,0.16851127
4,18,0.5058734,0.63581556,0.12994218,0.50411355,0.55483514,0.050721586,1.0034909,1.145954,0.14246309
4,182,0.8326133,0.79965776,-0.032955527,0.83679426,0.99958974,0.16279548,0.9950036,0.79998595,-0.19501764
4,334,0.8346566,0.6787373,-0.15591931,0.8363908,0.8144972,-0.02189362,0.9979266,0.8333206,-0.16460598
4,15,0.5080647,0.63575524,0.12769055,0.509318,0.5548357,0.045517683,0.9975392,1.1458442,0.148305
4,456,0.50795084,0.63615406,0.12820321,0.51460344,0.55546683,0.040863395,0.9870724,1.1452602,0.1581878
4,39,0.01,0.63681585,0.62681586,1.0,0.55643994,-0.44356006,0.01,1.1444467,1.1344467
4,487,0.7718036,0.64006114,-0.13174248,0.7672563,0.56404126,-0.20321506,1.0059267,1.1347772,0.12885046
4,46,0.01,0.65559494,0.64559495,1.0,0.62438613,-0.37561387,0.01,1.0499831,1.0399832
4,93,1.5,0.6386161,-0.8613839,0.1,0.5603099,0.4603099,15.0,1.1397551,-13.860245
4,167,0.66978097,0.6438713,-0.025909662,0.66427076,0.5719165,-0.09235424,1.0082952,1.1258135,0.117518306
4,209,0.77134615,0.6364392,-0.13490695,0.7675252,0.5559559,-0.21156931,1.0049783,1.1447656,0.13978732
4,369,0.49970886,0.65150243,0.15179357,0.5101666,0.59068716,0.08052057,0.97950137,1.1029568,0.123455405
4,428,0.50333303,0.6409862,0.13765317,0.509153,0.5664635,0.057310462,0.9885693,1.1315578,0.1429885
4,289,1.5,0.63848895,-0.86151105,0.1,0.56003696,0.46003696,15.0,1.1400836,-13.859917
5,467,0.7746139,0.65952885,-0.115085065,0.7665938,0.53183067,-0.23476315,1.010462,1.2401106,0.22964859
5,411,0.6149573,0.7422926,0.12733531,0.6157433,0.7872445,0.17150122,0.9987235,0.9428997,-0.055823803
5,302,0.01,0.67014116,0.66014117,1.0,0.5547538,-0.44524622,0.01,1.2079974,1.1979975
5,449,0.77165794,0.65919375,-0.11246419,0.76731545,0.53117573,-0.23613971,1.0056593,1.2410088,0.23534942
5,153,0.7796369,0.6887961,-0.09084082,0.7653179,0.60953677,-0.15578115,1.0187099,1.1300321,0.111322165
5,220,0.50195,0.65403074,0.15208071,0.5176882,0.5200168,0.0023285747,0.96959907,1.2577108,0.28811175
5,69,0.7721313,0.6532322,-0.11889911,0.7671542,0.5184202,-0.248734,1.0064877,1.2600439,0.25355613
5,361,0.50910175,0.65536195,0.1462602,0.5110954,0.52255744,0.011462033,0.99609923,1.2541434,0.25804412
5,462,0.50417364,0.6559875,0.15181386,0.5074457,0.52486897,0.017423272,0.9935519,1.2498119,0.25625998
5,173,1.5,0.65384233,-0.84615767,0.1,0.518775,0.418775,15.0,1.2603582,-13.739642
5,417,0.77333075,0.68820345,-0.085127294,0.766888,0.60339516,-0.16349286,1.0084012,1.1405518,0.13215065
5,231,0.50896233,0.6654686,0.15650624,0.506445,0.54523855,0.038793564,1.0049707,1.220509,0.21553838
5,211,0.5040613,0.65369385,0.14963257,0.5068622,0.5190139,0.012151659,0.99447393,1.259492,0.2650181
5,192,0.8339353,0.7477169,-0.08621842,0.83653384,0.8028736,-0.033660233,0.9968937,0.9313009,-0.065592825
5,336,0.833813,0.7658717,-0.06794131,0.83656013,0.8488906,0.0123304725,0.9967162,0.9022031,-0.09451312
5,324,0.5130394,0.6718104,0.15877098,0.5092208,0.5598408,0.05062002,1.007499,1.2000026,0.19250357
5,222,0.5036155,0.6685195,0.164904,0.50632024,0.55294424,0.046624005,0.99465805,1.2090179,0.21435982
5,154,0.7585025,0.6882185,-0.07028401,0.7709071,0.6048221,-0.166085,0.9839091,1.1378858,0.15397674
5,421,0.5071632,0.65651655,0.14935333,0.5038156,0.5251385,0.021322906,1.0066446,1.2501779,0.24353325
5,176,0.7707638,0.6600566,-0.11070722,0.76757765,0.5330087,-0.23456895,1.004151,1.2383599,0.23420894
6,376,0.83273584,0.7323047,-0.100431144,0.8367712,0.8576735,0.020902336,0.99517745,0.8538269,-0.14135057
6,408,0.50837916,0.63127834,0.122899175,0.51014477,0.5429101,0.03276533,0.996539,1.1627678,0.16622877
6,204,0.7701962,0.6454527,-0.12474352,0.76775134,0.57081455,-0.19693679,1.0031844,1.1307572,0.12757277
6,455,0.5064593,0.6322329,0.12577361,0.5042225,0.5457374,0.041514874,1.0044361,1.1584929,0.15405679
6,278,0.82985467,0.976108,0.14625335,0.83734334,0.99999833,0.162655,0.9910566,0.9761096,-0.014946997
6,454,0.50462353,0.6314163,0.12679279,0.5053535,0.5411219,0.03576839,0.9985555,1.1668652,0.16830975
6,484,0.76797974,0.64561075,-0.12236899,0.7682568,0.5716734,-0.19658339,0.9996394,1.1293349,0.12969553
6,86,0.5123542,0.63470465,0.122350454,0.5130407,0.55066794,0.03762722,0.9986619,1.1526086,0.15394676
6,465,0.5185015,0.6766305,0.15812898,0.5178438,0.6695236,0.15167981,1.0012702,1.0106149,0.009344697
6,195,0.50434685,0.63172156,0.12737471,0.5063649,0.5440165,0.0376516,0.99601465,1.1612177,0.16520303
6,405,0.5057203,0.6372481,0.13152778,0.5075842,0.5567537,0.04916948,0.9963279,1.1445781,0.14825022
6,19,0.50531423,0.63183165,0.12651742,0.51561946,0.5437058,0.028086364,0.9800139,1.1620836,0.18206972
6,347,0.8346407,0.73889256,-0.09574813,0.8363943,0.8718363,0.035441995,0.99790335,0.84751296,-0.15039039
6,56,0.49968106,0.63270223,0.13302118,0.510186,0.55025333,0.040067315,0.9794096,1.1498381,0.17042851
6,370,0.8334617,0.75838184,-0.07507986,0.83662283,0.906606,0.069983184,0.99622154,0.83650655,-0.159715
6,346,0.8363212,0.71843386,-0.11788732,0.8360605,0.824074,-0.011986554,1.0003117,0.8718075,-0.12850422
6,444,0.74236375,0.6571183,-0.08524543,0.74043417,0.5904144,-0.15001976,1.002606,1.1129781,0.11037207
6,248,0.5020218,0.65367675,0.15165496,0.5078944,0.5867571,0.07886273,0.98843735,1.1140499,0.12561256
6,25,1.5,0.6323608,-0.8676392,0.1,0.5417615,0.44176152,15.0,1.167231,-13.832769
6,450,0.50288886,0.6312333,0.12834442,0.5076957,0.54123104,0.03353536,0.9905321,1.1662917,0.17575961
7,42,0.6218038,0.6527698,0.030965984,0.617619,0.57305115,-0.044567823,1.0067757,1.1391126,0.13233685
7,472,0.838113,0.7833107,-0.0548023,0.83570445,0.9643264,0.12862194,1.0028821,0.812288,-0.19059414
7,261,0.01,0.64806604,0.63806605,1.0,0.5355932,-0.4644068,0.01,1.2099967,1.1999967
7,172,1.5,0.65633637,-0.84366363,0.1,0.6225209,0.5225209,15.0,1.0543202,-13.94568
7,290,1.5,0.6369139,-0.8630861,0.1,0.7111055,0.6111055,15.0,0.8956672,-14.104333
7,126,0.01,0.6471689,0.6371689,1.0,0.5292006,-0.4707994,0.01,1.2229178,1.2129178
7,341,0.766271,0.6800891,-0.08618188,0.76945406,0.7760019,0.0065478086,0.9958632,0.87640136,-0.119461834
7,31,1.5,0.6469855,-0.8530145,0.1,0.52792794,0.42792794,15.0,1.2255186,-13.774482
7,113,0.82805043,0.63287324,-0.1951772,0.83770204,0.7047488,-0.13295323,0.9884785,0.8980125,-0.09046596
7,229,0.01,0.647539,0.637539,1.0,0.5315906,-0.46840942,0.01,1.218116,1.208116
7,227,0.01,0.6476981,0.6376981,1.0,0.53274864,-0.46725136,0.01,1.2157668,1.2057668
7,349,0.8271059,0.7844343,-0.04267156,0.8378872,0.9655594,0.1276722,0.98713267,0.81241435,-0.17471832
7,57,0.52079165,0.6514488,0.13065714,0.52148277,0.5630681,0.041585326,0.9986747,1.1569628,0.15828806
7,380,0.5046345,0.6467338,0.14209932,0.5053354,0.52793837,0.022602975,0.998613,1.2250177,0.22640467
7,24,0.5054527,0.6480101,0.14255738,0.5046337,0.5362298,0.031596065,1.0016229,1.2084559,0.206833
7,17,0.50575125,0.6468635,0.14111227,0.5042171,0.5296508,0.02543372,1.0030427,1.2213019,0.21825922
7,265,0.58929324,0.6368951,0.04760188,0.5920295,0.71149385,0.11946434,0.99537814,0.895152,-0.100226164
7,66,0.50387824,0.6487019,0.14482367,0.50675184,0.54251283,0.035761,0.9943294,1.1957356,0.20140618
7,314,0.65400946,0.6469191,-0.0070903897,0.6498786,0.52895725,-0.12092137,1.0063564,1.2230083,0.21665192
7,516,0.72602683,0.77711415,0.05108732,0.7260829,0.95671076,0.23062783,0.99992275,0.812277,-0.18764573
8,94,1.5,0.61271536,-0.88728464,0.1,0.56355613,0.46355614,15.0,1.0872304,-13.912769
8,338,0.8300668,0.78117746,-0.04888934,0.83730376,0.77878255,-0.05852121,0.99135685,1.0030752,0.011718392
8,353,0.7584297,0.6868595,-0.07157022,0.7709309,0.6704986,-0.10043228,0.9837843,1.0244011,0.04061675
8,23,0.5163728,0.61282974,0.096456945,0.5222891,0.5653656,0.043076515,0.9886724,1.083953,0.09528065
8,249,0.010103633,0.75006676,0.7399631,0.99996823,0.71724844,-0.2827198,0.010103954,1.0457559,1.0356519
8,272,0.7700033,0.61903286,-0.15097046,0.76785,0.5688013,-0.1990487,1.0028044,1.0883113,0.085506916
8,500,1.5,0.6121078,-0.8878922,0.1,0.563206,0.46320602,15.0,1.0868275,-13.913173
8,5,1.5,0.6132764,-0.8867236,0.1,0.56387925,0.46387926,15.0,1.0876024,-13.912397
8,116,0.50510275,0.61196035,0.1068576,0.5057624,0.56399864,0.05823624,0.99869573,1.0850387,0.08634293
8,45,0.5036449,0.61197805,0.10833317,0.50631124,0.563695,0.057383776,0.99473375,1.0856545,0.09092075
8,498,1.5,0.61583304,-0.88416696,0.1,0.5658774,0.46587738,15.0,1.08828,-13.91172
8,393,0.4981991,0.6110975,0.11289841,0.51366955,0.5631097,0.049440145,0.9698825,1.0852193,0.115336776
8,16,0.5055923,0.6109689,0.1053766,0.5083914,0.5633006,0.05490923,0.9944942,1.0846232,0.09012902
8,488,0.4989928,0.6096275,0.110634685,0.5170548,0.56377435,0.04671955,0.96506757,1.0813324,0.11626488
8,374,0.7737637,0.6529513,-0.120812416,0.766752,0.6004497,-0.16630232,1.0091447,1.0874372,0.07829249
8,3,1.5,0.6224592,-0.8775408,0.1,0.57100993,0.47100994,15.0,1.0901022,-13.909898
8,473,0.8300641,0.81442505,-0.015639067,0.8372981,0.89944315,0.062145054,0.9913603,0.905477,-0.08588332
8,447,1.5,0.61215454,-0.88784546,0.1,0.56323296,0.46323296,15.0,1.0868585,-13.913141
8,60,0.65192586,0.6595048,0.0075789094,0.6486801,0.62189585,-0.026784241,1.0050037,1.0604746,0.055470943
8,110,0.74994856,0.7383489,-0.01159966,0.7531621,0.7086229,-0.044539213,0.99573326,1.041949,0.046215773
9,333,0.8312794,0.72030896,-0.11097044,0.83546925,0.8675376,0.03206837,0.99498504,0.83029133,-0.16469371
9,274,1.5,0.6234102,-0.8765898,0.1,0.54960424,0.44960424,15.0,1.1342894,-13.86571
9,29,0.7519511,0.630145,-0.121806085,0.7483539,0.55780303,-0.19055086,1.0048068,1.1296909,0.12488413
9,364,0.68212235,0.64707136,-0.03505099,0.67795634,0.5735587,-0.104397655,1.006145,1.1281694,0.12202442
9,185,0.8323591,0.69920594,-0.13315314,0.8368473,0.78019,-0.056657314,0.9946367,0.8961996,-0.09843713
9,26,0.010000001,0.7088265,0.6988265,1.0,0.8228309,-0.17716908,0.010000001,0.8614485,0.85144854
9,7,0.50684106,0.6241926,0.11735153,0.5033268,0.5514268,0.048100054,1.0069821,1.1319591,0.12497699
9,181,0.83142537,0.8084042,-0.023021162,0.8347631,0.99955267,0.16478956,0.99600154,0.808766,-0.18723553
9,476,0.7302261,0.6484315,-0.08179462,0.72321653,0.57531625,-0.14790028,1.0096922,1.127087,0.117394805
9,108,0.51469636,0.66466755,0.14997119,0.51828974,0.59141517,0.07312542,0.99306685,1.1238595,0.13079268
9,37,0.50385886,0.62278914,0.11893028,0.5061713,0.5497832,0.043611884,0.99543154,1.1327904,0.1373589
9,157,1.5,0.6247679,-0.8752321,0.1,0.55131936,0.45131937,15.0,1.1332232,-13.866776
9,492,0.63894963,0.65104747,0.012097836,0.63379437,0.5775656,-0.056228757,1.008134,1.1272268,0.11909282
9,118,1.5,0.63375014,-0.86624986,0.1,0.5606429,0.4606429,15.0,1.130399,-13.869601
9,114,0.5139754,0.6745933,0.16061795,0.51345474,0.6357089,0.12225419,1.001014,1.061167,0.060153008
9,271,0.50560033,0.62882394,0.1232236,0.50506824,0.5566771,0.05160886,1.0010535,1.1296027,0.12854922
9,175,0.01,0.6508345,0.6408345,0.03338187,0.5779803,0.5445984,0.29956383,1.1260496,0.8264858
9,208,0.5111636,0.62556195,0.11439836,0.5003886,0.554241,0.05385238,1.0215333,1.1286823,0.107149005
9,203,0.6451642,0.67017746,0.025013268,0.64161134,0.60298896,-0.03862238,1.0055374,1.1114258,0.10588837
9,144,0.503916,0.6231634,0.11924738,0.51130486,0.5502976,0.038992763,0.9855491,1.1324116,0.1468625
10,194,0.6918285,0.64465284,-0.047175646,0.6843629,0.5478131,-0.13654977,1.0109088,1.1767751,0.16586626
10,442,0.77409184,0.65047276,-0.12361908,0.7673033,0.56127995,-0.20602334,1.0088472,1.1589097,0.15006244
10,399,0.50906336,0.64133924,0.13227588,0.5053686,0.5324822,0.027113616,1.007311,1.2044332,0.19712222
10,422,0.4987347,0.6390085,0.14027381,0.5144509,0.5344306,0.019979715,0.96945053,1.195681,0.22623044
10,496,1.5,0.66662776,-0.83337224,0.1,0.57258815,0.47258815,15.0,1.1642361,-13.835764
10,342,0.50602174,0.64280975,0.13678801,0.5039524,0.5322471,0.028294742,1.0041063,1.207728,0.20362175
10,468,0.83213973,0.7076188,-0.12452096,0.8368876,0.7616497,-0.07523787,0.9943268,0.92906064,-0.06526613
10,141,0.83801144,0.7168213,-0.12119013,0.8357251,0.77303416,-0.06269097,1.0027357,0.92728287,-0.075452864
10,383,0.7672509,0.6440695,-0.1231814,0.7684781,0.54702616,-0.22145194,0.9984031,1.1774017,0.17899859
10,67,0.7107187,0.67446303,-0.036255658,0.6993759,0.64249957,-0.05687636,1.0162184,1.0497487,0.033530235
10,490,0.50623894,0.6443425,0.13810354,0.50374424,0.54844815,0.0447039,1.0049523,1.1748466,0.16989434
10,168,0.6534505,0.68219924,0.02874875,0.64609647,0.58634686,-0.059749603,1.0113822,1.1634738,0.15209162
10,188,0.83395475,0.7134275,-0.12052727,0.83653,0.7653802,-0.071149826,0.9969215,0.9321217,-0.064799786
10,460,0.7043311,0.646886,-0.05744511,0.7007356,0.7084329,0.007697284,1.005131,0.9131224,-0.09200859
10,394,0.5243679,0.6413966,0.11702865,0.53381795,0.54523295,0.011415005,0.9822973,1.1763717,0.19407439
10,237,0.5074533,0.65498024,0.14752692,0.5027905,0.69061565,0.18782514,1.0092739,0.9484005,-0.06087339
10,193,0.83306634,0.67134136,-0.16172498,0.83667654,0.7414034,-0.09527314,0.9956851,0.90550077,-0.09018433
10,81,0.64129025,0.64236015,0.0010699034,0.6382064,0.5424929,-0.095713496,1.004832,1.1840894,0.1792574
10,109,0.50701505,0.6777609,0.17074585,0.51335377,0.63148844,0.11813468,0.98765236,1.0732752,0.08562285
10,494,0.5065766,0.64193094,0.13535434,0.50403595,0.5433162,0.039280236,1.0050406,1.1815053,0.17646468
11,145,0.5100165,0.6835896,0.17357308,0.511635,0.6386584,0.1270234,0.9968366,1.0703524,0.07351583
11,92,0.8355689,0.7738277,-0.061741233,0.8362097,0.884707,0.04849726,0.99923366,0.87467116,-0.1245625
11,152,0.01,0.63411474,0.62411475,1.0,0.5400087,-0.45999128,0.01,1.1742675,1.1642675
11,244,0.50624025,0.6378599,0.13161963,0.5037334,0.5477317,0.0439983,1.0049765,1.164548,0.15957153
11,501,1.5,0.63764113,-0.86235887,0.1,0.54603434,0.44603434,15.0,1.1677674,-13.832232
11,504,0.74326485,0.6802827,-0.06298214,0.73523223,0.61433953,-0.1208927,1.0109253,1.10734,0.096414685
11,83,0.5093374,0.6365711,0.12723368,0.5133506,0.54541206,0.032061458,0.9921824,1.167138,0.1749556
11,103,1.5,0.6394785,-0.8605215,0.1,0.5489357,0.44893572,15.0,1.1649424,-13.835057
11,165,0.5126667,0.6380473,0.12538058,0.5210411,0.54788285,0.02684176,0.98392755,1.1645688,0.18064123
11,163,0.01,0.6350956,0.6250956,1.0,0.5418213,-0.4581787,0.01,1.1721495,1.1621495
11,199,0.6846715,0.6425711,-0.04210043,0.68253106,0.55447793,-0.12805313,1.003136,1.1588758,0.15573978
11,255,0.510009,0.6372479,0.12723893,0.5306811,0.54654145,0.015860379,0.9610461,1.1659645,0.20491838
11,74,1.5,0.6569343,-0.8430657,0.1,0.5762461,0.4762461,15.0,1.140024,-13.859976
11,323,0.01,0.64315736,0.6331574,1.0,0.55472916,-0.44527084,0.01,1.1594079,1.1494079
11,238,0.5022775,0.6543771,0.15209961,0.507658,0.5734194,0.06576139,0.9894013,1.1411841,0.15178281
11,495,0.01,0.66105396,0.65105397,1.0,0.58210814,-0.41789186,0.01,1.1356205,1.1256205
11,119,0.7105591,0.65596145,-0.054597676,0.70099413,0.57574797,-0.12524617,1.0136449,1.1393205,0.12567556
11,304,0.5059062,0.6392497,0.13334346,0.5050624,0.5500343,0.044971883,1.0016707,1.1621997,0.16052902
11,312,0.49809194,0.6340863,0.13599437,0.51179314,0.54100573,0.029212594,0.97322905,1.172051,0.1988219
11,266,0.7672732,0.68207127,-0.08520192,0.7686265,0.6278808,-0.1407457,0.9982393,1.0863069,0.08806765
12,371,0.6763313,0.6666441,-0.009687185,0.6664671,0.6327592,-0.033707857,1.0148008,1.053551,0.03875017
12,420,0.5391312,0.6711137,0.1319825,0.54635507,0.5993103,0.05295521,0.98677814,1.1198101,0.13303196
12,502,0.7721409,0.63139373,-0.14074719,0.7671593,0.5389895,-0.2281698,1.0064936,1.1714398,0.1649462
12,305,0.7408236,0.6373557,-0.10346794,0.7364742,0.5466654,-0.18980885,1.0059057,1.1658974,0.15999162
12,395,0.01,0.6324367,0.6224367,1.0,0.53834826,-0.46165174,0.01,1.1747724,1.1647724
12,436,0.72843874,0.6317866,-0.09665215,0.72619253,0.538818,-0.18737453,1.0030931,1.1725417,0.16944861
12,402,0.01,0.6350545,0.62505454,1.0,0.54258156,-0.45741844,0.01,1.1704315,1.1604315
12,284,0.5064156,0.6691054,0.1626898,0.5096545,0.6101782,0.10052365,0.9936449,1.0965738,0.10292894
12,286,0.5229915,0.64841884,0.12542737,0.52529263,0.5640618,0.038769186,0.9956193,1.1495528,0.15393353
12,36,0.506209,0.63162434,0.12541533,0.50468385,0.53930956,0.03462571,1.0030221,1.1711721,0.16815007
12,196,1.5,0.63237387,-0.86762613,0.1,0.5385207,0.4385207,15.0,1.1742796,-13.825721
12,139,0.7582693,0.66797715,-0.090292156,0.77097976,0.61956686,-0.1514129,0.9835139,1.0781357,0.09462184
12,382,0.5095307,0.6339035,0.12437278,0.5110487,0.54277027,0.031721592,0.9970297,1.1679039,0.17087418
12,262,0.7618135,0.643822,-0.11799151,0.7709398,0.55700207,-0.21393776,0.9881621,1.1558701,0.16770798
12,297,0.76598823,0.6332213,-0.1327669,0.7579755,0.541989,-0.21598649,1.0105712,1.1683286,0.1577574
12,298,0.50659996,0.6443519,0.13775194,0.5083176,0.55753875,0.049221158,0.99662095,1.1557078,0.15908688
12,59,1.5,0.6376082,-0.8623918,0.1,0.5462131,0.4462131,15.0,1.1673249,-13.832675
12,111,0.50926125,0.66457593,0.15531468,0.51376855,0.5809078,0.06713927,0.991227,1.14403,0.152803
12,275,0.7230947,0.6674683,-0.055626392,0.71815604,0.58290654,-0.1352495,1.0068768,1.1450691,0.1381923
12,268,0.01,0.63532525,0.62532526,1.0,0.54296696,-0.45703304,0.01,1.1700993,1.1600993
13,392,1.5,0.6658109,-0.8341891,0.1,0.57325417,0.47325417,15.0,1.1614584,-13.838542
13,150,0.5103341,0.6598537,0.14951962,0.50924313,0.551278,0.042034864,1.0021423,1.1969527,0.19481039
13,400,0.51204056,0.6600721,0.14803153,0.5134406,0.55302894,0.039588332,0.9972732,1.193558,0.19628477
13,38,0.50858337,0.6597956,0.15121222,0.5066847,0.54989386,0.043209136,1.0037472,1.1998599,0.19611263
13,329,0.50534505,0.6658008,0.16045576,0.5086914,0.57616496,0.06747359,0.9934217,1.1555732,0.16215158
13,198,0.5011332,0.6597668,0.15863359,0.51008093,0.5499017,0.03982079,0.98245823,1.1997904,0.21733212
13,429,0.4926708,0.660162,0.16749117,0.51716053,0.54969054,0.03253001,0.9526458,1.2009702,0.2483244
13,146,0.5259727,0.6630202,0.13704747,0.52485925,0.6371935,0.11233425,1.0021214,1.040532,0.038410544
13,412,0.7713647,0.6599701,-0.111394584,0.7673879,0.54978305,-0.21760488,1.0051821,1.2004192,0.19523704
13,147,0.7598202,0.66061574,-0.09920448,0.77120316,0.555637,-0.21556616,0.98524004,1.1889341,0.20369405
13,321,0.01,0.66178274,0.65178275,1.0,0.55612785,-0.44387215,0.01,1.1899831,1.1799831
13,299,0.50594014,0.65953207,0.15359193,0.5041986,0.5513589,0.047160268,1.0034541,1.1961938,0.19273973
13,123,0.5058146,0.6594662,0.1536516,0.5116086,0.55010194,0.038493335,0.98867494,1.1988072,0.2101323
13,386,1.5,0.6606329,-0.8393671,0.1,0.54944044,0.44944045,15.0,1.202374,-13.7976265
13,96,0.5056311,0.65977263,0.15414155,0.50436026,0.5499001,0.045539856,1.0025197,1.1998045,0.19728482
13,143,0.7672818,0.6610502,-0.10623157,0.7684688,0.5569756,-0.2114932,0.99845535,1.1868566,0.18840128
13,239,0.01,0.6602735,0.6502735,1.0,0.55042845,-0.44957155,0.01,1.1995628,1.1895628
13,514,0.82979435,0.69248265,-0.1373117,0.837354,0.73395926,-0.10339475,0.990972,0.94348925,-0.04748273
13,97,0.5071836,0.66133755,0.15415394,0.5051267,0.5582092,0.053082466,1.0040721,1.1847486,0.18067658
13,415,0.5056245,0.65922827,0.15360379,0.50506794,0.55028754,0.0452196,1.0011019,1.1979705,0.19686866
14,367,0.01,0.64450836,0.6345084,1.0,0.5592204,-0.44077963,0.01,1.1525123,1.1425123
14,122,0.7152392,0.644408,-0.07083124,0.7072353,0.5606235,-0.14661175,1.0113173,1.1494488,0.1381315
14,183,0.8362753,0.7902337,-0.046041608,0.8360693,0.9864343,0.150365,1.0002464,0.8011012,-0.1991452
14,202,0.6047285,0.64888495,0.044156432,0.6012514,0.5715555,-0.029695928,1.0057831,1.1352965,0.12951338
14,246,1.5,0.6455507,-0.8544493,0.1,0.5619098,0.4619098,15.0,1.1488512,-13.851149
14,320,0.7556682,0.6510483,-0.10461992,0.7717486,0.5807708,-0.19097781,0.9791637,1.1210073,0.14184362
14,311,0.01,0.64410204,0.63410205,1.0,0.554599,-0.445401,0.01,1.1613834,1.1513834
14,368,0.49794602,0.64382386,0.14587784,0.51231074,0.55465144,0.042340696,0.9719609,1.160772,0.18881106
14,493,1.5,0.64394575,-0.85605425,0.1,0.55570763,0.45570764,15.0,1.1587851,-13.841215
14,416,0.5028278,0.6435225,0.14069468,0.5071182,0.55467856,0.047560334,0.99153966,1.160172,0.16863233
14,296,0.503302,0.64357644,0.14027447,0.50665796,0.5548643,0.04820633,0.99337626,1.1598809,0.16650462
14,125,0.76795614,0.6506165,-0.11733961,0.76826364,0.58936113,-0.1789025,0.99959975,1.1039352,0.10433549
14,316,0.49946487,0.6448487,0.14538383,0.51042753,0.5611711,0.05074358,0.9785226,1.1491125,0.17058986
14,223,0.5146021,0.64397657,0.12937444,0.5167882,0.5598741,0.043085933,0.9957699,1.1502167,0.15444678
14,439,0.5071776,0.6432476,0.13607001,0.5114702,0.55622935,0.044759154,0.9916073,1.1564431,0.16483581
14,219,0.012873792,0.6439348,0.631061,0.01,0.5612011,0.5512011,1.2873793,1.1474226,-0.13995671
14,129,0.50420606,0.6434965,0.13929045,0.506611,0.55498743,0.04837644,0.9952529,1.1594794,0.16422647
14,441,0.5090244,0.64336514,0.13434076,0.51483625,0.5560199,0.04118365,0.98871124,1.1570902,0.16837895
14,301,1.5,0.6440284,-0.8559716,0.1,0.55512446,0.45512447,15.0,1.1601514,-13.8398485
14,434,0.7761071,0.6503781,-0.12572896,0.76641643,0.5756317,-0.19078475,1.012644,1.1298511,0.11720705
15,396,0.5067426,0.63451135,0.12776875,0.5032307,0.5448901,0.041659415,1.0069788,1.1644758,0.15749705
15,451,0.74920577,0.6888027,-0.06040305,0.73782915,0.7213523,-0.01647687,1.015419,0.954877,-0.060541987
15,511,0.50077254,0.6562248,0.15545225,0.51340586,0.5903554,0.07694954,0.9753931,1.1115758,0.13618273
15,307,1.5,0.6339814,-0.8660186,0.1,0.54324627,0.44324628,15.0,1.1670239,-13.832976
15,294,1.5,0.6664897,-0.8335103,0.1,0.61605996,0.51605994,15.0,1.0818585,-13.918141
15,384,1.5,0.63341445,-0.86658555,0.1,0.54189384,0.44189385,15.0,1.1688902,-13.83111
15,355,0.5147068,0.6754233,0.16071653,0.5130756,0.6650309,0.1519553,1.0031793,1.015627,0.012447715
15,112,0.7759928,0.6806481,-0.09534472,0.7661403,0.6876475,-0.07849276,1.01286,0.9898212,-0.023038745
15,179,1.5,0.63352674,-0.86647326,0.1,0.5401611,0.44016108,15.0,1.1728479,-13.827152
15,322,0.01,0.673008,0.66300803,1.0,0.65235007,-0.34764993,0.01,1.031667,1.021667
15,354,0.6161505,0.67385685,0.057706356,0.6101797,0.6573716,0.04719186,1.0097853,1.0250776,0.015292287
15,362,0.50370747,0.633477,0.1297695,0.5062628,0.53960824,0.03334546,0.9949526,1.1739572,0.17900461
15,508,0.5094064,0.6823394,0.17293298,0.5091429,0.69537413,0.18623126,1.0005176,0.98125505,-0.019262552
15,377,1.5,0.6337207,-0.8662793,0.1,0.5426862,0.44268623,15.0,1.1677479,-13.8322525
15,233,0.83415836,0.70258194,-0.13157642,0.8364896,0.77143717,-0.06505245,0.99721307,0.91074425,-0.086468816
15,470,0.50682926,0.6346223,0.12779301,0.5115065,0.5449758,0.03346932,0.99085593,1.1644962,0.17364025
15,404,0.01,0.6512581,0.6412581,1.0,0.5799236,-0.42007637,0.01,1.1230067,1.1130067
15,164,0.51989263,0.63595116,0.11605853,0.52128774,0.5480324,0.026744664,0.99732375,1.1604263,0.16310251
15,317,0.5086207,0.63327813,0.12465745,0.50825316,0.54203075,0.033777595,1.0007231,1.1683435,0.16762042
15,136,0.8331217,0.71216106,-0.12096065,0.83668107,0.8095894,-0.027091682,0.9957459,0.8796571,-0.11608881
16,197,0.5065668,0.6695864,0.1630196,0.50356084,0.5339358,0.030374944,1.0059694,1.254058,0.2480886
16,258,0.5052312,0.66979593,0.16456473,0.505358,0.5338728,0.028514802,0.9997491,1.2545984,0.25484926
16,232,1.5,0.66516143,-0.83483857,0.1,0.5817875,0.48178753,15.0,1.1433065,-13.856693
16,115,1.5,0.6691353,-0.8308647,0.1,0.54200196,0.44200197,15.0,1.2345624,-13.765438
16,120,0.50561774,0.66910964,0.1634919,0.50833976,0.53708196,0.028742194,0.99464524,1.2458241,0.25117886
16,365,0.5088973,0.67028487,0.16138756,0.501102,0.5332917,0.032189727,1.0155563,1.2568822,0.24132586
16,224,0.01,0.6694395,0.6594395,1.0,0.54013973,-0.45986027,0.01,1.239382,1.229382
16,423,0.5029603,0.67118895,0.16822863,0.5069865,0.5325999,0.025613427,0.99205863,1.2602123,0.26815367
16,352,0.83280265,0.78537005,-0.0474326,0.8367634,0.9800023,0.1432389,0.9952666,0.80139613,-0.19387048
16,127,0.75643283,0.66769725,-0.08873558,0.74926233,0.5508516,-0.19841075,1.0095701,1.2121183,0.20254815
16,285,0.50619036,0.66775066,0.1615603,0.5037865,0.5452755,0.041489005,1.0047716,1.2246115,0.21983993
16,432,0.5041187,0.66696006,0.16284138,0.5178249,0.5548605,0.037035584,0.9735312,1.2020321,0.2285009
16,107,0.01,0.66942775,0.65942776,1.0,0.5402392,-0.4597608,0.01,1.239132,1.229132
16,388,0.7719743,0.66695434,-0.10501999,0.76706165,0.55297625,-0.2140854,1.0064045,1.2061175,0.19971299
16,340,0.8305242,0.68987554,-0.14064866,0.8372109,0.76340353,-0.07380736,0.99201316,0.90368396,-0.088329196
16,133,0.01,0.6712111,0.66121113,1.0,0.53292257,-0.46707743,0.01,1.2594908,1.2494909
16,381,0.01,0.66755486,0.65755486,0.03200423,0.5388398,0.5068356,0.3124587,1.2388744,0.92641574
16,44,0.5052093,0.669535,0.16432565,0.50550145,0.534398,0.02889657,0.99942213,1.252877,0.25345486
16,485,0.50587523,0.66953033,0.1636551,0.5048703,0.53416735,0.029297054,1.0019904,1.2534093,0.25141883
16,65,0.75898844,0.6663634,-0.09262502,0.7707832,0.56134593,-0.20943725,0.9846977,1.1870816,0.20238388
17,283,0.01,0.66394085,0.65394086,1.0,0.532463,-0.467537,0.01,1.2469239,1.2369239
17,85,0.5053878,0.6587125,0.15332472,0.5112279,0.5409468,0.029718876,0.9885763,1.217703,0.22912669
17,242,0.7414306,0.6606482,-0.080782354,0.7345307,0.58258784,-0.15194285,1.0093936,1.1339891,0.12459552
17,186,0.8310795,0.8288929,-0.0021865964,0.8371006,0.9947005,0.15759987,0.99280715,0.833309,-0.15949816
17,403,0.5045149,0.6620393,0.1575244,0.50757265,0.5346284,0.02705574,0.9939757,1.2383168,0.24434108
17,159,0.5061649,0.659425,0.15326011,0.50694615,0.5416728,0.03472668,0.9984589,1.2173862,0.21892732
17,12,0.7460835,0.6597049,-0.086378574,0.7393937,0.5404737,-0.19892001,1.0090476,1.220605,0.21155739
17,35,0.5054763,0.66144633,0.15597004,0.50553185,0.53620756,0.03067571,0.9998901,1.233564,0.23367393
17,28,1.5,0.6579773,-0.8420227,0.1,0.55767524,0.45767525,15.0,1.1798575,-13.820143
17,170,0.5052091,0.66316694,0.15795785,0.50550395,0.533067,0.027563035,0.9994167,1.2440593,0.24464262
17,142,0.83110195,0.74662846,-0.08447349,0.8370957,0.92262155,0.08552587,0.9928399,0.8092467,-0.18359315
17,477,0.50586754,0.6594624,0.15359485,0.5047017,0.60292697,0.098225296,1.00231,1.0937682,0.0914582
17,357,1.5,0.6603121,-0.8396879,0.1,0.5414873,0.44148728,15.0,1.2194417,-13.780559
17,221,0.77041936,0.6614322,-0.10898715,0.76769507,0.5936155,-0.1740796,1.0035486,1.1142435,0.110694885
17,95,0.50762767,0.6606094,0.15298176,0.5102347,0.5380804,0.02784568,0.9948905,1.2277151,0.23282462
17,51,0.010370068,0.7269324,0.71656233,0.9998879,0.8598271,-0.14006078,0.0103712315,0.8454402,0.835069
17,240,0.7574706,0.66063577,-0.09683484,0.7712174,0.5379991,-0.23321831,0.9821752,1.2279496,0.24577445
17,390,0.5064612,0.6586564,0.15219522,0.5041481,0.5469736,0.04282546,1.0045881,1.2041832,0.1995951
17,351,0.8374637,0.73079944,-0.10666424,0.8358337,0.8754646,0.03963089,1.0019501,0.83475614,-0.16719401
17,398,0.7635777,0.6630221,-0.1005556,0.7696221,0.53311837,-0.23650372,0.9921463,1.2436677,0.2515214
18,178,0.5157311,0.64361966,0.12788856,0.4942701,0.53631234,0.042042255,1.0434196,1.2000836,0.15666401
18,41,0.01,0.6448428,0.6348428,1.0,0.52901304,-0.47098696,0.01,1.2189544,1.2089545
18,513,0.6716687,0.6300421,-0.041626632,0.68157697,0.6765464,-0.0050305724,0.9854627,0.9312622,-0.05420053
18,407,0.010000001,0.6489301,0.6389301,1.0,0.61996466,-0.38003534,0.010000001,1.0467211,1.0367211
18,206,0.010741039,0.691001,0.68025994,0.99977463,0.7517672,-0.24800742,0.010743461,0.91916883,0.9084254
18,282,0.5048103,0.64396656,0.13915628,0.50514805,0.53275853,0.02761048,0.99933136,1.20874,0.20940864
18,358,0.76353997,0.64415,-0.11938995,0.76949257,0.5288339,-0.24065864,0.9922643,1.2180573,0.225793
18,254,0.76786876,0.6445388,-0.12332994,0.76845825,0.5278705,-0.24058777,0.9992329,1.221017,0.22178411
18,433,0.6592746,0.63926023,-0.020014346,0.65330726,0.7181841,0.064876854,1.009134,0.8901063,-0.119027734
18,4,0.50446194,0.6431855,0.13872355,0.5054302,0.54969525,0.04426503,0.99808425,1.1700765,0.17199224
18,256,1.5,0.6500261,-0.8499739,0.1,0.6110717,0.5110717,15.0,1.0637476,-13.936253
18,471,0.51069176,0.6433924,0.13270062,0.5000693,0.53113514,0.031065822,1.0212419,1.2113534,0.19011152
18,100,0.5051073,0.6438663,0.13875902,0.5048569,0.5291213,0.024264395,1.000496,1.2168596,0.21636355
18,226,0.01,0.64625394,0.63625395,1.0,0.54982203,-0.45017797,0.01,1.1753875,1.1653875
18,448,0.51745677,0.64936435,0.13190758,0.5184527,0.5860184,0.06756568,0.998079,1.1080955,0.110016525
18,213,0.01,0.64561063,0.63561064,1.0,0.54281855,-0.45718145,0.01,1.1893673,1.1793673
18,452,1.5,0.644775,-0.855225,0.1,0.5275396,0.42753962,15.0,1.2222304,-13.777769
18,171,0.7684525,0.63268894,-0.13576359,0.76913935,0.67143977,-0.09769958,0.999107,0.94228697,-0.056820035
18,98,0.5027072,0.6440749,0.14136773,0.5072356,0.5277174,0.020481825,0.99107236,1.2204921,0.22941977
18,292,0.0100000035,0.755534,0.745534,1.0,0.8194387,-0.1805613,0.0100000035,0.92201406,0.91201407
19,215,0.010577281,0.6663181,0.65574086,0.9998246,0.694978,-0.30484658,0.010579137,0.95876145,0.94818234
19,61,0.52752656,0.6693621,0.14183557,0.5242395,0.65687335,0.13263386,1.0062702,1.0190125,0.012742281
19,47,0.011195016,0.67134714,0.66015214,0.9996359,0.64885926,-0.3507766,0.011199094,1.0346576,1.0234585
19,32,1.5,0.64804584,-0.85195416,0.1,0.54886305,0.44886306,15.0,1.1807059,-13.819294
19,267,0.7705458,0.6436643,-0.12688148,0.7702146,0.5356517,-0.23456293,1.00043,1.2016472,0.20121717
19,327,0.6894811,0.66419876,-0.025282323,0.68084013,0.6826805,0.001840353,1.0126916,0.9729277,-0.039763927
19,200,1.5,0.6458915,-0.8541085,0.1,0.5356564,0.4356564,15.0,1.2057945,-13.794206
19,469,0.5054264,0.6634541,0.15802771,0.5099695,0.68525046,0.17528099,0.9910915,0.96819216,-0.02289933
19,27,0.50568265,0.6629736,0.15729094,0.5107006,0.68768287,0.17698228,0.9901744,0.9640688,-0.026105642
19,414,0.5084338,0.64692277,0.13848895,0.5056835,0.5466815,0.04099804,1.0054388,1.1833632,0.1779244
19,230,0.77710253,0.6451018,-0.13200074,0.76659805,0.53391707,-0.23268098,1.0137028,1.2082434,0.19454062
19,260,0.5064461,0.6456184,0.13917226,0.50420576,0.53343505,0.029229283,1.0044433,1.2103037,0.20586038
19,378,1.5,0.6463192,-0.8536808,0.1,0.532628,0.432628,15.0,1.2134533,-13.786547
19,288,0.51013964,0.6453549,0.13521528,0.5117674,0.54147816,0.02971077,0.9968194,1.1918392,0.19501984
19,162,0.5058859,0.64542884,0.13954294,0.51681674,0.5331376,0.016320884,0.9788497,1.2106233,0.23177356
19,391,0.500662,0.644622,0.14396,0.5096347,0.5352904,0.025655746,0.982394,1.2042472,0.22185326
19,446,0.5090539,0.64487606,0.13582218,0.50845784,0.53329563,0.024837792,1.0011723,1.2092282,0.20805585
19,138,0.7452708,0.66904026,-0.076230526,0.7522521,0.6978511,-0.05440098,0.99071944,0.9587149,-0.032004535
19,62,0.7660773,0.6913869,-0.0746904,0.7688397,0.7195412,-0.049298525,0.99640703,0.9608719,-0.035535157
19,135,0.832112,0.72085345,-0.11125857,0.83689713,0.7578349,-0.07906222,0.9942823,0.95120114,-0.043081164
20,128,0.01,0.648574,0.638574,1.0,0.5286808,-0.4713192,0.01,1.226778,1.216778
20,503,0.5103817,0.65986073,0.14947903,0.5086906,0.5511107,0.04242009,1.0033244,1.1973288,0.19400442
20,8,0.5060344,0.648713,0.14267862,0.50394946,0.52389556,0.019946098,1.0041372,1.2382487,0.23411155
20,326,0.01,0.6489226,0.63892263,1.0,0.5297256,-0.4702744,0.01,1.2250165,1.2150165
20,489,0.01,0.64915234,0.63915235,1.0,0.52397346,-0.47602654,0.01,1.238903,1.228903
20,64,0.5098936,0.68994844,0.18005484,0.51299447,0.6323652,0.11937076,0.9939554,1.09106,0.09710467
20,300,0.01,0.6491415,0.6391415,1.0,0.5240781,-0.47592193,0.01,1.2386351,1.2286351
20,14,0.5059251,0.6481229,0.14219779,0.5047489,0.52891374,0.024164855,1.0023303,1.225385,0.22305465
20,156,0.010140045,0.7000848,0.68994474,0.9999578,0.7275777,-0.2723801,0.010140472,0.96221316,0.9520727
20,40,0.4985474,0.64865094,0.15010354,0.51735413,0.52409714,0.006743014,0.96364826,1.2376541,0.27400583
20,379,0.5056556,0.6483676,0.142712,0.51256,0.5300544,0.01749438,0.9865295,1.2232095,0.23667997
20,483,0.59446704,0.64829063,0.05382359,0.5873737,0.5293516,-0.05802208,1.0120764,1.2246882,0.2126118
20,424,0.5046614,0.6503446,0.14568323,0.5054498,0.5365572,0.031107426,0.9984402,1.2120695,0.2136293
20,216,0.01,0.650507,0.640507,1.0,0.53561985,-0.46438015,0.01,1.2144938,1.2044938
20,409,0.83788574,0.72759235,-0.11029339,0.83575016,0.87391883,0.03816867,1.0025553,0.83256286,-0.16999239
20,279,0.49815542,0.64813817,0.14998275,0.51244605,0.5266211,0.014175057,0.9721129,1.2307485,0.25863564
20,457,0.7166913,0.6659137,-0.050777614,0.7038105,0.5586837,-0.14512682,1.0183015,1.1919333,0.17363179
20,453,0.7257569,0.6504557,-0.07530117,0.7242766,0.5362373,-0.1880393,1.0020438,1.2129997,0.21095586
20,337,0.8297372,0.70600003,-0.12373716,0.837367,0.755384,-0.08198297,0.99088836,0.93462396,-0.0562644
20,236,0.8272038,0.73437333,-0.09283048,0.8378683,0.9029767,0.06510842,0.9872719,0.8132805,-0.17399138
21,207,0.8303917,0.73468626,-0.09570545,0.8372382,0.8499009,0.012662709,0.99182254,0.8644376,-0.12738496
21,212,0.5058962,0.65705985,0.15116364,0.5060116,0.53270996,0.02669835,0.99977195,1.2334288,0.23365688
21,295,0.01,0.65738815,0.64738816,1.0,0.5430433,-0.45695668,0.01,1.2105631,1.2005631
21,480,0.5053133,0.6565091,0.15119582,0.50857925,0.536512,0.027932763,0.99357826,1.2236615,0.23008329
21,251,0.83181113,0.6750399,-0.15677124,0.83695334,0.72930104,-0.10765231,0.993856,0.92559844,-0.06825757
21,515,0.55621773,0.6615292,0.10531145,0.5577532,0.7064816,0.14872837,0.99724704,0.93637145,-0.060875595
21,481,0.5129209,0.6567974,0.1438765,0.5149794,0.54109997,0.026120543,0.99600273,1.213819,0.2178163
21,303,0.6171881,0.6569286,0.039740503,0.61221355,0.5376175,-0.07459605,1.0081255,1.2219256,0.21380007
21,350,0.7636718,0.65741587,-0.10625595,0.769452,0.6520497,-0.117402256,0.99248797,1.0082296,0.015741646
21,269,0.50964445,0.6556543,0.14600986,0.526305,0.5336313,0.007326305,0.9683443,1.2286654,0.26032108
21,201,0.5147776,0.6570848,0.14230722,0.51549435,0.5462594,0.030765057,0.9986096,1.2028806,0.20427102
21,161,0.766537,0.66212535,-0.10441166,0.76869774,0.5955056,-0.17319214,0.9971891,1.1118709,0.11468178
21,43,0.5038965,0.65741134,0.15351486,0.50617176,0.53134,0.02516824,0.9955049,1.2372706,0.24176568
21,217,0.01,0.6600157,0.6500157,0.012102912,0.5747147,0.5626118,0.8262474,1.1484232,0.3221758
21,401,0.6968104,0.65720797,-0.03960246,0.6915226,0.53258497,-0.15893763,1.0076467,1.2339965,0.22634983
21,190,0.78966117,0.66348314,-0.12617803,0.794175,0.70956665,-0.084608376,0.9943163,0.935054,-0.059262276
21,309,0.5109193,0.6555117,0.1445924,0.51905745,0.53458637,0.015528917,0.98432124,1.2262034,0.2418822
21,259,0.64625096,0.65781814,0.011567175,0.6433051,0.55633694,-0.08696818,1.0045792,1.1824096,0.17783046
21,105,0.5133866,0.65973973,0.14635313,0.51652575,0.5728495,0.056323767,0.9939226,1.1516807,0.15775812
21,53,0.50676525,0.66051567,0.15375042,0.5147866,0.5778619,0.063075304,0.9844181,1.1430337,0.15861565
22,389,0.5012305,0.64881635,0.14758587,0.5086839,0.54854625,0.039862335,0.98534757,1.1827924,0.19744486
22,1,0.5788381,0.7217499,0.14291179,0.57742345,0.7543565,0.17693305,1.00245,0.9567756,-0.045674384
22,464,0.50940204,0.6478641,0.13846207,0.50851065,0.5470643,0.038553655,1.001753,1.1842558,0.18250287
22,509,0.52616507,0.6646333,0.1384682,0.52593625,0.5722113,0.04627508,1.0004351,1.1615171,0.16108203
22,49,0.01,0.64130867,0.6313087,1.0,0.5347629,-0.46523708,0.01,1.1992393,1.1892393
22,419,0.7234682,0.68260455,-0.040863633,0.7220226,0.59691125,-0.12511134,1.0020021,1.1435612,0.14155912
22,80,0.010739461,0.6901711,0.6794317,0.99977463,0.6296207,-0.37015396,0.010741881,1.0961697,1.0854279
22,205,0.72475785,0.69790035,-0.026857495,0.7218393,0.6701337,-0.0517056,1.0040432,1.0414345,0.037391305
22,34,1.5,0.646523,-0.853477,0.1,0.5436187,0.44361869,15.0,1.189295,-13.810705
22,430,0.010822623,0.69716346,0.68634087,0.99974906,0.66690814,-0.33284092,0.01082534,1.0453665,1.0345411
22,263,0.514688,0.65159297,0.13690495,0.50634986,0.5576067,0.051256835,1.0164672,1.168553,0.15208578
22,427,0.5092866,0.6474339,0.1381473,0.506686,0.54630303,0.03961706,1.0051326,1.1851186,0.179986
22,497,1.5,0.641011,-0.858989,0.1,0.5342556,0.43425563,15.0,1.1998208,-13.8001795
22,366,0.7705494,0.6408104,-0.12973905,0.76764905,0.53499115,-0.23265791,1.0037782,1.1977962,0.194018
22,91,0.8360794,0.76054174,-0.07553768,0.8361087,0.96754193,0.13143325,0.999965,0.78605556,-0.21390945
22,339,0.83232987,0.7309194,-0.10141045,0.8368514,0.7834419,-0.053409517,0.99459696,0.9329593,-0.06163764
22,499,1.5,0.6543256,-0.8456744,0.1,0.55597335,0.45597336,15.0,1.176901,-13.823099
22,52,0.76329803,0.7167353,-0.04656273,0.7695659,0.7372528,-0.03231311,0.9918553,0.97217035,-0.01968497
22,345,0.8355161,0.7529141,-0.082602024,0.83622026,0.9366644,0.10044414,0.9991579,0.8038248,-0.19533312
22,264,0.5105658,0.7048186,0.19425279,0.50068164,0.69625485,0.19557321,1.0197414,1.0122998,-0.00744164
23,241,0.50555253,0.62011474,0.11456221,0.504437,0.5454402,0.041003168,1.0022113,1.136907,0.13469565
23,13,0.5037719,0.6203399,0.11656797,0.50617945,0.5459152,0.039735734,0.99524367,1.1363301,0.14108646
23,315,0.50668395,0.61996514,0.11328119,0.50329894,0.5455992,0.042300284,1.0067257,1.1363014,0.12957573
23,88,0.5043782,0.66786784,0.16348964,0.5099769,0.61496395,0.104987025,0.9890216,1.0860276,0.09700602
23,387,1.5,0.6201764,-0.8798236,0.1,0.5451313,0.44513133,15.0,1.1376642,-13.862336
23,273,0.01,0.6294384,0.6194384,1.0,0.555515,-0.444485,0.01,1.1330719,1.1230719
23,166,0.01,0.61971647,0.6097165,1.0,0.5445903,-0.4554097,0.01,1.13795,1.12795
23,328,0.51832324,0.6685125,0.15018928,0.52041876,0.5996733,0.07925451,0.9959734,1.1147946,0.1188212
23,518,1.5,0.62399226,-0.87600774,0.1,0.5494746,0.4494746,15.0,1.1356162,-13.864384
23,134,0.7531842,0.6551667,-0.098017514,0.7725083,0.6862245,-0.0862838,0.97498524,0.954741,-0.02024424
23,306,0.749551,0.6611957,-0.0883553,0.74405605,0.5897107,-0.15434533,1.0073851,1.1212205,0.113835335
23,507,1.5,0.664772,-0.835228,0.1,0.59369195,0.49369195,15.0,1.1197255,-13.880275
23,319,0.50408703,0.6252971,0.1212101,0.50615144,0.55156296,0.045411527,0.9959214,1.1336823,0.13776088
23,243,0.5021341,0.6465855,0.14445144,0.50958407,0.57389873,0.06431466,0.9853803,1.1266544,0.1412741
23,54,1.5,0.6279449,-0.8720551,0.1,0.55386156,0.45386156,15.0,1.1337578,-13.866242
23,363,0.01,0.6236198,0.6136198,1.0,0.54906034,-0.45093966,0.01,1.1357946,1.1257946
23,50,1.5,0.6771613,-0.8228387,0.1,0.7589446,0.65894455,15.0,0.89224076,-14.107759
23,479,0.51154053,0.6378685,0.12632799,0.5097012,0.56498283,0.05528164,1.0036087,1.1290052,0.12539649
23,174,0.51221377,0.65181935,0.13960558,0.510799,0.5793968,0.06859779,1.0027697,1.1249965,0.122226834
23,445,1.5,0.63181955,-0.86818045,0.1,0.5581164,0.45811638,15.0,1.132057,-13.867943
24,189,0.8341537,0.70160776,-0.13254595,0.8364906,0.75891316,-0.07757741,0.99720633,0.92449015,-0.07271618
24,521,0.52139795,0.663701,0.14230305,0.52537256,0.5766381,0.051265538,0.9924347,1.1509836,0.15854889
24,463,0.49925247,0.65740347,0.158151,0.51063776,0.56637007,0.05573231,0.9777038,1.1607313,0.1830275
24,187,0.83352244,0.72522974,-0.1082927,0.8362381,0.88528264,0.04904455,0.99675256,0.819207,-0.17754555
24,475,0.01,0.63517374,0.62517375,1.0,0.5443647,-0.4556353,0.01,1.1668166,1.1568166
24,169,0.5030992,0.6356564,0.13255721,0.50684136,0.5456665,0.038825154,0.9926167,1.1649173,0.17230064
24,58,0.50556976,0.63596594,0.13039619,0.50995445,0.54582286,0.035868406,0.9914018,1.1651508,0.17374897
24,474,0.5002215,0.6426503,0.14242882,0.51867086,0.5519758,0.03330493,0.96442956,1.1642727,0.19984311
24,48,0.50892156,0.67287487,0.1639533,0.5098549,0.6078099,0.09795499,0.99816936,1.1070483,0.10887891
24,344,0.50593454,0.6502324,0.14429784,0.5046159,0.559447,0.054831088,1.0026132,1.162277,0.1596638
24,235,1.5,0.7134685,-0.7865315,0.1,0.8283058,0.72830576,15.0,0.8613588,-14.138641
24,252,0.5058437,0.6347394,0.1288957,0.5192043,0.5442559,0.025051594,0.9742671,1.1662518,0.19198465
24,21,0.50422406,0.6349446,0.13072056,0.505744,0.54470927,0.038965285,0.9969947,1.1656579,0.1686632
24,313,0.50279224,0.6341252,0.13133293,0.50713974,0.5439129,0.036773145,0.9914274,1.1658579,0.17443049
24,459,0.7355118,0.66469663,-0.070815146,0.7282287,0.57787913,-0.15034956,1.0100011,1.1502347,0.14023364
24,160,0.6018771,0.64988345,0.048006356,0.59721893,0.55900496,-0.03821397,1.0077997,1.1625719,0.15477216
24,276,0.01,0.6358996,0.6258996,1.0,0.5453179,-0.4546821,0.01,1.1661081,1.1561081
24,443,1.5,0.63517374,-0.86482626,0.1,0.5443647,0.4443647,15.0,1.1668166,-13.833183
24,191,0.7592738,0.6728526,-0.08642125,0.77067715,0.6063422,-0.16433495,0.9852035,1.1096911,0.12448764
24,385,0.5044117,0.63872707,0.13431537,0.50554585,0.54861987,0.04307401,0.99775654,1.1642435,0.16648692
25,293,0.83355623,0.75861603,-0.074940205,0.8366123,0.92186,0.085247695,0.9963471,0.82291895,-0.17342818
25,413,0.50260836,0.67067707,0.1680687,0.50732464,0.59177524,0.0844506,0.99070364,1.1333307,0.14262706
25,491,0.76722026,0.67993474,-0.08728552,0.7684882,0.63944584,-0.12904239,0.99835,1.0633187,0.064968705
25,343,0.5052486,0.63307333,0.12782472,0.5157336,0.5519276,0.036194026,0.97966975,1.1470224,0.16735262
25,257,0.5062558,0.63427174,0.12801594,0.5043895,0.55407095,0.049681425,1.0037001,1.1447482,0.14104807
25,308,0.50695264,0.6350479,0.12809527,0.50302905,0.5559765,0.05294746,1.0078,1.1422207,0.13442075
25,149,0.50660175,0.6741443,0.16754258,0.50361687,0.5951594,0.09154254,1.0059268,1.1327122,0.1267854
25,130,0.506087,0.6326042,0.12651718,0.50512826,0.5517088,0.046580553,1.001898,1.146627,0.1447289
25,151,0.77583253,0.67744225,-0.09839028,0.7663442,0.6136338,-0.15271038,1.0123813,1.1039846,0.09160328
25,359,0.48389104,0.6317925,0.14790145,0.48549196,0.5499942,0.06450221,0.9967025,1.1487257,0.15202326
25,99,0.01,0.63255715,0.62255716,1.0,0.5499793,-0.45002067,0.01,1.1501472,1.1401472
25,372,0.82642823,0.68118423,-0.145244,0.8380221,0.6451084,-0.19291371,0.98616517,1.0559222,0.069756985
25,87,0.5078785,0.67744064,0.16956216,0.5125374,0.60763913,0.095101714,0.99091005,1.1148733,0.12396324
25,458,0.5066815,0.6318221,0.1251406,0.5037947,0.55041796,0.04662323,1.00573,1.1478951,0.14216506
25,330,0.50643694,0.64903903,0.14260209,0.5079632,0.573349,0.06538582,0.9969954,1.1320139,0.13501853
25,214,0.5079872,0.6317329,0.12374568,0.50454664,0.54951644,0.044969797,1.0068191,1.149616,0.14279687
25,466,0.50599897,0.63170046,0.12570149,0.50554264,0.550272,0.044729352,1.0009027,1.1479785,0.14707589
25,121,1.5,0.6322881,-0.8677119,0.1,0.5494809,0.44948092,15.0,1.1507007,-13.849299
25,20,0.50728565,0.63300586,0.1257202,0.52012897,0.5517084,0.031579435,0.97530746,1.1473558,0.17204833
25,71,0.6094849,0.6775509,0.068066,0.61465204,0.60394406,-0.010707974,0.9915934,1.121877,0.13028353
