generations,population,infected_t10,infected_t25,infected_t50,infected_t60,infected_t75,infected_t100,recovered_t10,recovered_t25,recovered_t50,recovered_t60,recovered_t75,recovered_t100,beta,gamma
12,2791,374,390,311,241,46,63,374,1196,2212,2453,2577,2791,0.13389557957859466,0.12874598910034582
12,430,36,47,58,51,8,35,36,134,320,371,379,430,0.1664373949282067,0.15541380792914888
12,552,69,46,43,47,39,60,69,185,336,383,433,552,0.01,0.012297142331681755
12,1191,89,269,116,65,16,21,89,518,1046,1111,1155,1191,0.215273001823894,0.1952438008926205
12,641,8,52,99,40,22,117,8,122,366,406,454,641,0.27569834064097165,0.25136541151627867
12,1512,209,201,89,88,30,179,209,623,1037,1125,1187,1512,0.01,0.013265453374359932
12,2012,269,551,166,140,12,12,269,1150,1762,1902,1975,2012,0.1903506750632774,0.17686235828396787
12,212,18,28,17,7,10,17,18,73,151,158,180,212,0.16314915806175026,0.15367810145136296
12,548,90,39,28,51,5,60,90,221,316,367,392,548,0.01,0.014291489857282328
12,3028,143,403,228,140,102,334,143,860,1993,2133,2352,3028,0.25202661844200236,0.2263227804101106
12,5119,597,826,460,329,164,371,597,1982,3458,3787,4174,5119,0.0855772938000569,0.08470746327014352
12,2529,418,356,220,188,62,210,418,1149,1777,1965,2127,2529,0.013795595345051384,0.01820050761187024
12,9769,517,1450,857,891,584,840,517,2984,5770,6661,7915,9769,0.14597908234490672,0.1372815970587197
8,8459,463,1544,1471,1471,366,463,8459,2797,5874,5874,7147,8459,0.15528505721762093,0.14707926229758264
12,1466,63,345,134,45,17,27,63,572,1310,1355,1385,1466,0.2609191210879642,0.2309771763175074
12,482,73,138,18,2,0,1,73,275,475,477,481,482,0.16807347315129972,0.15561792446041686
10,55,8,10,11,0,0,0,8,18,51,51,51,55,0.2051001163826381,0.18856020918927868
10,62,0,0,7,46,8,0,0,0,7,53,61,62,1.5,0.1
12,231,0,28,22,4,2,14,0,35,136,140,146,231,1.5,0.1
3,287,10,10,86,86,191,10,287,287,86,86,277,287,0.2958951814628614,0.2546263370002693
11,2585,336,511,264,197,47,29,336,847,2155,2352,2470,2585,0.2056598940755791,0.18934130546527914
12,76,0,17,23,1,0,3,0,20,64,65,68,76,1.5,0.1
8,544,38,43,76,76,77,38,544,97,237,237,410,544,0.10380524117838227,0.09769443910275676
12,4448,373,381,357,382,569,15,373,1045,2341,2723,3845,4448,0.09593293083602289,0.0920770316848718
12,6562,724,735,698,682,564,81,724,2104,4020,4702,5927,6562,0.08880964595514049,0.08689710248817226
12,12009,1161,1320,1150,1484,1098,12,1161,3582,7582,9066,11595,12009,0.11989618860613746,0.11431415144312336
12,103,4,0,3,4,40,2,4,19,25,29,82,103,0.7407026548522985,0.6851534105841148
12,51,3,0,2,5,5,7,3,5,17,22,38,51,0.05954720457623737,0.056226936979113816
12,291,4,26,15,18,35,10,4,39,109,127,200,291,0.1753600514747262,0.16391311669976116
12,2980,123,278,19,10,28,23,123,496,2836,2846,2907,2980,0.22608166169153798,0.19721117707058752
12,1084,139,136,119,43,29,6,139,430,979,1022,1067,1084,0.16032012444135046,0.15022138516250647
12,335,9,19,18,51,51,5,9,60,131,182,270,335,0.151152808989109,0.13937706020379145
12,3267,45,123,354,640,498,102,45,228,904,1544,2500,3267,0.17410482798638768,0.15758309410153382
10,2475,242,372,300,251,311,37,242,614,1466,1717,2028,2475,0.12511615641118223,0.11890008235955493
4,568,11,247,164,164,146,11,568,247,411,411,557,568,0.17648845842820574,0.1716105785584531
9,718,41,105,73,42,43,41,718,167,309,351,394,718,0.011854015061275643,0.01
12,134,0,1,0,0,30,29,0,3,5,5,37,134,1.5,0.1
6,65,0,44,7,7,0,0,65,44,65,65,65,65,0.29248333843681773,0.2726872482538714
12,555,0,88,86,83,38,30,0,99,299,382,463,555,1.5,0.1
12,558,57,146,62,38,5,0,57,268,502,540,552,558,0.20007862849113728,0.18282169427011213
12,199,3,4,13,25,61,3,3,9,41,66,169,199,0.16247951870209962,0.1463724994443486
12,154,3,2,7,4,18,13,3,10,27,31,70,154,0.1166321558857619,0.10670548012132196
12,340,78,36,34,32,2,14,78,175,247,279,304,340,0.01,0.0172001237321808
11,74,10,6,5,5,7,5,10,16,41,46,56,74,0.04634284446112942,0.04768676915095961
12,99,6,16,4,6,7,16,6,37,56,62,70,99,0.011175094623918125,0.01
10,81,9,7,4,2,4,2,9,16,52,54,58,81,0.11641540207428301,0.11231334129208534
12,101,3,30,2,6,4,10,3,35,51,57,81,101,0.37432061430184804,0.33547877804955306
12,285,25,45,3,19,28,18,25,90,131,150,192,285,0.01,0.010096094179803321
10,57,8,14,8,2,1,8,8,22,39,41,42,57,0.01,0.012811193486034827
7,87,3,8,30,20,7,3,87,8,51,71,78,87,0.2395367102310165,0.21290601914313703
12,79,4,8,4,2,7,9,4,20,47,49,60,79,0.1204203472553005,0.11404025991525846
12,122,32,6,16,4,0,20,32,51,83,87,87,122,0.1836222624666821,0.1872569187997666
10,300,33,29,69,40,9,1,33,62,245,285,294,300,0.12224126168996297,0.11570951966733584
12,94,33,7,0,2,1,1,33,69,78,80,83,94,0.2608850803385672,0.24680975984836756
12,77,7,14,6,1,6,1,7,29,62,63,72,77,0.1940653504452786,0.17911034916051627
12,151,25,1,6,7,2,3,25,59,132,139,145,151,0.13017548907913837,0.12610396552037828
11,188,1,49,2,13,5,14,1,50,121,134,156,188,0.01,1.0
12,557,46,136,19,24,4,49,46,377,464,488,503,557,0.3523576703476516,0.30761657743885645
6,121,24,35,24,24,19,24,121,35,65,65,84,121,0.05342898503672253,0.05756518954343286
12,154,6,28,28,4,0,0,6,52,150,154,154,154,0.22781378659078053,0.20211686470769263
12,71,0,0,0,0,0,47,0,0,0,0,0,71,1.5,0.1
11,261,131,79,9,3,0,0,131,210,258,261,261,261,0.23241408255073887,0.2227743087156549
12,13728,7,2,0,1,49,11337,7,11,14,15,79,13728,0.01000109114196378,0.9999996468813374
12,16690,8107,2092,134,42,2,3,8107,15173,16635,16677,16685,16690,0.7572705417284523,0.6686396277860627
12,2427,413,456,72,106,5,2,413,1315,2290,2396,2406,2427,0.17087624552106176,0.16022364200659908
12,288,3,89,35,15,3,1,3,143,260,275,281,288,0.47156678702005467,0.40813231308245024
12,367,0,28,50,11,19,75,0,31,148,159,198,367,1.5,0.1
12,356,17,64,24,35,7,33,17,130,231,266,300,356,0.22135815779063847,0.2042000450916392
12,1069,83,146,44,51,39,170,83,325,608,659,760,1069,0.010202473434272639,0.01
12,4001,543,654,225,337,126,76,543,1651,3110,3447,3752,4001,0.13737212125646844,0.13163222287353152
12,2263,115,317,159,107,107,262,115,602,1426,1533,1741,2263,0.18733801962448246,0.17426666729089998
12,5479,316,339,257,355,835,469,316,961,2002,2357,3574,5479,0.012162661039160479,0.01
12,2410,627,751,12,8,27,9,627,2162,2299,2307,2342,2410,0.23012575562534668,0.21058989366863098
12,203,7,54,4,3,14,25,7,68,104,107,132,203,0.36075228148627964,0.3244809506983359
12,311,20,28,26,27,30,18,20,56,123,150,227,311,0.06359095184396275,0.06055518898700235
12,282,14,16,30,16,26,19,14,48,170,186,229,282,0.027104760725458192,0.025064417069871437
12,247,18,41,14,12,21,14,18,95,144,156,196,247,0.08867746017511151,0.08576423874932998
12,65,0,1,16,2,0,0,0,1,63,65,65,65,1.5,0.1
12,236,0,41,13,23,7,5,0,58,182,205,224,236,1.5,0.1
12,191,14,18,37,15,0,0,14,52,175,190,191,191,0.1767648074472878,0.16070797945736615
12,206,0,0,10,11,0,77,0,1,29,40,48,206,1.5,0.1
12,530,128,55,72,39,1,0,128,242,479,518,529,530,0.058047210683399096,0.06296704188699695
12,101,7,9,16,8,4,2,7,26,76,84,91,101,0.1657535938843765,0.15343584183139644
12,79,4,15,1,0,4,7,4,25,54,54,59,79,0.25426853277566674,0.23131155800659844
12,61,7,10,4,0,2,1,7,21,49,49,51,61,0.15605708057128181,0.14730459359993758
11,78,3,11,17,9,2,3,3,14,59,68,71,78,0.26036945195158456,0.2328790361981856
11,367,26,79,21,34,0,1,26,105,311,345,361,367,0.30368181185013254,0.26454708737695465
12,117,1,9,22,3,14,6,1,16,73,76,101,117,0.01,1.0
12,481,18,66,61,25,10,15,18,169,356,381,405,481,0.2305110608438023,0.21061146597857372
11,60,29,13,1,3,2,1,29,42,48,51,54,60,0.3058285557788641,0.2899592945374535
10,68,1,5,1,5,2,6,1,6,22,27,29,68,0.01,1.0
11,531,12,15,114,193,17,6,12,27,231,424,516,531,0.21044050467175715,0.18590188681798578
12,284,24,47,20,5,2,9,24,117,220,225,239,284,0.11643102710672663,0.11204430042822248
12,760,82,137,44,29,33,59,82,320,526,555,626,760,0.16566274286721897,0.15759133233989045
12,767,132,251,22,17,8,8,132,532,714,731,747,767,0.2102937875390255,0.1930312645743503
12,53,6,13,10,1,2,4,6,25,40,41,45,53,0.029022124344239755,0.03091943407093386
12,98,7,18,3,3,4,8,7,41,67,70,86,98,0.2002406900961804,0.18655155221177133
12,192,3,15,14,7,3,37,3,42,103,110,115,192,0.33792722795499847,0.30873126721892924
12,886,69,48,29,47,58,110,69,275,390,437,531,886,0.01068106761412706,0.01
12,483,266,40,0,1,3,7,266,437,441,442,447,483,0.38776357251488097,0.3385430927090657
12,437,40,57,39,23,14,20,40,185,317,340,366,437,0.17964923378368342,0.16924568294550724
12,482,74,78,26,15,11,28,74,240,377,392,423,482,0.15153182628081943,0.14608255707149867
12,779,32,133,78,21,18,70,32,269,472,493,537,779,0.07080039438803913,0.0668289004882491
8,733,5,246,58,58,39,5,733,383,601,601,706,733,0.24145071933874304,0.22035233877737115
12,70,8,10,6,6,0,0,8,24,63,69,70,70,0.010984462321528736,0.01361344394143985
12,2204,1,144,573,502,0,0,1,183,1702,2204,2204,2204,0.01,1.0
12,2238,455,433,113,53,4,4,455,1403,2153,2206,2218,2238,0.16693677719208502,0.15861080776951744
12,89,5,13,13,4,0,0,5,25,85,89,89,89,0.010275814921272188,0.010360910873864393
12,1401,2,291,186,58,3,1,2,327,1319,1377,1399,1401,0.4020064662048542,0.34144562895471464
12,1688,102,636,92,69,4,2,102,1022,1594,1663,1681,1688,0.28089261499817897,0.2472540613084661
11,87,1,1,0,8,0,0,1,2,2,10,87,87,0.01,1.0
12,708,79,30,34,93,69,41,79,198,272,365,540,708,0.030106570796583163,0.030738715858089478
12,214,60,37,9,1,0,0,60,138,212,213,214,214,0.12150155881259213,0.1216550850583538
12,10326,0,74,187,383,577,99,0,82,681,1064,1735,10326,1.5,0.1
12,20901,17,35,709,2868,5659,1039,17,104,927,3795,14701,20901,0.23558742362165788,0.20635536272168656
12,8427,1642,3095,71,67,97,1,1642,6963,8029,8096,8273,8427,0.23100448868082968,0.20904612990034666
12,661,165,96,31,26,26,0,165,400,543,569,617,661,0.09381738561716867,0.09764375942409816
12,165,0,23,39,5,0,0,0,23,160,165,165,165,1.5,0.1
12,1247,2,229,214,76,15,41,2,296,1051,1127,1177,1247,0.4012343950748141,0.3482804572478032
5,245,1,94,80,54,54,1,245,94,174,228,228,245,0.19861512155645328,0.18886131089723168
12,803,29,245,57,15,7,31,29,351,711,726,735,803,0.29202691239476736,0.255607404381704
12,436,61,71,16,15,14,53,61,181,305,320,337,436,0.014128060836739141,0.017399947794873503
12,430,30,87,27,26,14,5,30,188,347,373,394,430,0.23310816091755288,0.21203236407304393
12,99,15,34,20,4,0,0,15,65,94,98,99,99,0.1835063618366112,0.171502915856653
12,223,0,45,38,8,17,1,0,49,180,188,209,223,1.5,0.1
12,1645,27,425,32,16,9,25,27,661,1493,1509,1525,1645,0.3295585122961855,0.2833385148707659
12,691,86,208,17,1,17,23,86,421,628,629,649,691,0.23124849957960394,0.20896529873331326
12,1531,197,430,32,18,9,27,197,1038,1437,1455,1472,1531,0.24838561260398676,0.22274643552783174
12,456,104,37,5,6,0,0,104,262,444,450,456,456,0.1959944514148187,0.18088820728639862
10,1019,80,172,132,54,23,31,80,252,893,947,970,1019,0.28030288420170313,0.2465749958822683
12,1578,58,168,132,89,105,217,58,330,851,940,1137,1578,0.1105067423539819,0.10372935163941802
12,7290,692,2320,142,56,25,54,692,4894,7068,7124,7180,7290,0.26550083019627246,0.23411065409727208
8,2089,64,266,439,439,239,64,2089,443,1312,1312,1900,2089,0.19669990069692916,0.1789888097011796
12,106,0,0,0,2,2,60,0,0,1,3,6,106,1.5,0.1
12,1701,240,181,155,32,42,206,240,610,1087,1119,1239,1701,0.05448628398795312,0.05615353597685772
12,371,127,56,22,34,5,13,127,246,308,342,351,371,0.0925744074222585,0.10042981633461
12,222,37,7,3,17,40,18,37,46,50,67,127,222,0.8424352369423859,0.8033737769851733
12,1694,9,15,82,186,288,443,9,32,147,333,838,1694,0.17223563069121964,0.1582389645141137
12,2616,370,602,180,42,51,3,370,1576,2462,2504,2589,2616,0.21552902663469753,0.19696957004461865
8,685,22,71,78,78,149,22,685,125,257,257,577,685,0.14498615852153218,0.13345705746579922
12,56,2,0,4,5,1,10,2,2,8,13,25,56,0.014960096549071076,0.01
12,675,4,20,22,37,129,70,4,29,79,116,329,675,0.1572447241984705,0.14063837145322258
12,379,84,63,12,4,4,5,84,309,357,361,366,379,0.2802601975562834,0.25087951180036
12,666,0,0,3,0,29,309,0,2,5,5,38,666,1.5,0.1
4,1099,1,323,580,580,195,1,1099,323,903,903,1098,1099,0.273362554902661,0.2412761366569961
12,622,214,90,29,21,4,12,214,456,545,566,574,622,0.17344349931544237,0.17210011066049685
12,774,95,87,166,12,6,28,95,309,683,695,712,774,0.13873299471521938,0.13224364328783517
12,776,76,101,70,38,23,52,76,304,553,591,628,776,0.15260317238157053,0.14541453186448872
12,1872,596,292,141,53,9,42,596,1254,1694,1747,1771,1872,0.08585906461990775,0.09252308051182542
12,658,44,24,114,69,34,26,44,104,452,521,587,658,0.15460006579580435,0.1432039294208089
12,710,22,41,20,23,30,127,22,105,177,200,258,710,0.06559970274123186,0.059238630121338745
12,831,120,87,87,9,7,7,120,340,631,640,653,831,0.06442823403670128,0.06618829012619139
12,2849,165,290,219,202,199,136,165,824,1600,1802,2134,2849,0.10616239274388646,0.10101673088507654
12,1483,475,321,13,12,6,12,475,1210,1426,1438,1453,1483,0.1849615983196937,0.17750912697690582
12,783,113,54,48,56,30,106,113,215,386,442,576,783,0.01,0.01271702006723495
12,3061,208,600,218,170,65,233,208,1295,2145,2315,2441,3061,0.25194447220100485,0.23132905601867118
12,6175,610,1634,448,98,16,25,610,3401,5971,6069,6103,6175,0.2240406053168052,0.20190835690825945
12,869,94,155,55,35,23,38,94,428,685,720,762,869,0.20910617762231895,0.19452556111648406
8,1832,101,255,333,333,284,101,1832,358,1084,1084,1672,1832,0.2227032248742822,0.2003965483559518
12,418,0,0,0,0,0,418,0,0,0,0,0,418,1.5,0.1
12,196,16,128,0,0,0,0,16,190,195,195,195,196,0.2935175971370684,0.24715632820009273
10,113,7,14,19,12,25,1,7,21,67,79,104,113,0.17632455756974172,0.1584802409716175
11,149,8,15,3,1,1,10,8,23,81,82,86,149,0.3151430402195,0.2869482851034946
8,4220,1,205,994,994,695,1,4220,405,1879,1879,3636,4220,0.1991738183901403,0.17800341395593403
12,67,2,6,4,11,5,3,2,12,36,47,52,67,0.19091661104441457,0.17568296919249188
12,431,151,13,28,11,26,19,151,301,345,356,400,431,0.294301616227874,0.2754726593912226
12,221,22,28,17,15,9,24,22,71,130,145,171,221,0.02057480189364251,0.021501775144426274
12,123,15,8,7,22,1,9,15,59,74,96,98,123,0.4069253120059584,0.36902723687287664
12,191,7,38,38,9,0,4,7,73,162,171,171,191,0.24996137291613751,0.2251393979064248
12,74,2,38,1,2,3,5,2,45,50,52,56,74,0.38200561896890406,0.3261650018215483
12,1815,2,48,222,149,147,418,2,95,347,496,713,1815,0.08595427762648547,0.06914391654124151
10,3431,684,1674,43,1,4,17,684,2358,3388,3389,3393,3431,0.28891687298707724,0.25136880728895405
12,285,32,74,12,4,28,3,32,155,202,206,268,285,0.25396797957557654,0.2337432370213292
12,157,4,71,7,7,9,5,4,87,110,117,132,157,0.3882422751547257,0.33412326377424584
12,1534,47,515,57,19,98,1,47,626,1219,1238,1431,1534,0.31408753904887204,0.27221752484773865
12,118,17,26,1,3,1,2,17,64,94,97,100,118,0.20441138526527824,0.19098420652940637
9,422,1,101,65,22,7,1,422,177,348,370,377,422,0.2061411066389445,0.19110803980918348
6,157,10,39,24,24,16,10,157,39,120,120,136,157,0.22406214718109396,0.20790754999919747
12,217,19,28,15,37,14,7,19,69,126,163,180,217,0.010025603865696169,0.01071082259429597
7,1259,2,216,210,60,31,2,1259,216,1151,1211,1242,1259,0.32740802605105535,0.2792047038639198
12,418,24,134,24,17,15,7,24,206,352,369,398,418,0.26933723433894763,0.23987861158760287
11,168,19,33,25,22,1,10,19,52,110,132,142,168,0.13656948677133032,0.13076733240865993
12,1035,14,2,183,97,78,13,14,18,547,644,808,1035,0.22468506090958043,0.2019372422186083
12,1925,479,206,32,18,29,123,479,1481,1589,1607,1668,1925,0.30412471149863435,0.2741364830069957
7,2170,1,272,986,208,43,1,2170,272,1911,2119,2162,2170,0.2707267024856057,0.23510640533514313
12,793,82,91,105,53,31,19,82,299,593,646,717,793,0.14102149105769896,0.13422692480763443
12,316,27,77,5,13,20,26,27,157,193,206,235,316,0.01,0.010769224123498355
12,1471,189,233,138,38,67,76,189,619,1079,1117,1243,1471,0.1135832482129798,0.11105697369078443
12,1158,213,216,58,32,16,6,213,692,1039,1071,1106,1158,0.1770522724085816,0.16769339669474262
8,371,3,85,68,68,32,3,371,129,264,264,366,371,0.1962842007024462,0.1799506420596741
12,6091,283,334,690,651,338,743,283,830,2775,3426,4331,6091,0.09633015236105931,0.09051160347551492
12,27825,1655,4111,2759,2284,1003,637,1655,8361,20665,22949,25750,27825,0.19630557018493244,0.17989777803161575
12,52485,2134,8400,6427,4039,1033,1525,2134,15044,41270,45309,48969,52485,0.22990886559611512,0.2069967768390585
12,42874,2716,6122,4921,3266,1011,1819,2716,13437,33719,36985,39852,42874,0.06768531165586902,0.06597994529892755
12,25584,1784,5102,2622,1695,359,763,1784,9572,21419,23114,24339,25584,0.21132369417069544,0.19195432683046498
12,5993,547,1090,500,404,238,257,547,2284,4420,4824,5354,5993,0.16991935932788585,0.15918281214046082
12,3975,369,557,416,285,126,147,369,1343,2943,3228,3534,3975,0.15481532901354916,0.1456746080460005
12,3098,131,230,352,312,178,223,131,502,1791,2103,2544,3098,0.012362885140449888,0.010001527539996941
12,867,152,46,61,91,66,52,152,250,422,513,657,867,0.01,0.014136858614999706
12,656,40,57,47,53,69,57,40,127,287,340,460,656,0.05228221194997443,0.04965915320863265
11,522,27,31,78,57,53,42,27,58,213,270,374,522,0.11316901956705339,0.10592408065792945
12,651,10,47,72,63,55,71,10,93,277,340,469,651,0.1674592213893926,0.15391675055232917
12,1272,27,69,166,131,83,184,27,117,560,691,867,1272,0.1407873434731962,0.12997719569984498
7,1490,100,374,248,206,183,100,1490,374,892,1098,1281,1490,0.05999796591298875,0.06415527637788576
12,202,0,5,11,20,40,20,0,5,37,57,121,202,1.5,0.1
12,244,35,29,22,30,10,7,35,88,154,184,211,244,0.04169158190541354,0.044036994692816155
12,64,0,1,16,14,1,0,0,2,42,56,63,64,1.5,0.1
12,269,30,38,12,37,6,4,30,136,181,218,247,269,0.13361733320855368,0.12883254907897287
12,124,14,29,18,0,7,4,14,62,103,103,115,124,0.1826948596906217,0.17122207459030173
12,74,4,15,3,18,0,2,4,22,27,45,72,74,0.1368962376060834,0.12723783814015843
12,1363,165,385,24,9,2,7,165,788,1324,1333,1347,1363,0.219827700820189,0.1974317651809833
11,304,14,28,68,42,9,7,14,42,165,207,273,304,0.18227129034326905,0.16615983380635035
12,56,9,15,2,0,3,3,9,32,44,44,47,56,0.1609902667720945,0.15507611401956425
12,68,1,1,3,16,4,17,1,5,15,31,36,68,0.01,1.0
12,70,7,1,1,6,8,7,7,12,19,25,37,70,0.01023984208816761,0.01
12,173,2,9,0,8,8,68,2,15,36,44,58,173,0.019406811102792982,0.01
12,340,47,64,21,20,13,5,47,160,255,275,316,340,0.1229496780603941,0.11945400047037073
12,392,4,48,43,31,18,9,4,77,289,320,355,392,0.3292637141692425,0.2895343172635767
12,182,23,12,8,29,23,9,23,58,84,113,155,182,0.04144975393210677,0.042641168664237596
7,450,0,22,91,149,66,0,450,22,226,375,441,450,0.2713737338754821,0.23710020851954028
6,218,8,51,55,55,37,8,218,51,144,144,181,218,0.10324007025751589,0.1021818393500193
8,52,1,6,10,10,14,1,52,7,21,21,39,52,0.01,1.0
12,223,1,66,25,12,0,1,1,119,208,220,222,223,0.01,1.0
12,149,0,35,3,1,0,4,0,38,135,136,136,149,1.5,0.1
12,217,16,38,10,3,6,27,16,76,149,152,164,217,0.2294651872042378,0.21168977394250618
10,577,68,167,34,23,9,3,68,235,537,560,569,577,0.2639254198904583,0.23395728832598459
12,156,17,29,5,3,1,5,17,84,143,146,147,156,0.2224691462257947,0.20270755224924014
12,54,3,8,3,4,8,2,3,15,24,28,41,54,0.08901469621233911,0.0843666348115301
12,164,1,16,6,8,10,24,1,25,63,71,85,164,0.01,1.0
12,749,127,27,53,143,155,25,127,188,290,433,681,749,0.01,0.013589646154163679
12,392,22,36,76,25,24,34,22,100,238,263,304,392,0.12517198740635146,0.11815574237885985
12,588,42,128,48,46,30,15,42,267,417,463,522,588,0.19365652512220194,0.1804679968506954
12,1482,44,182,163,145,184,2,44,342,792,937,1276,1482,0.17182041568232206,0.15346679505828875
12,1575,316,338,45,74,66,14,316,1047,1272,1346,1477,1575,0.2175090595790381,0.2046919465044835
12,1338,156,152,77,103,64,203,156,439,728,831,950,1338,0.0224866031284693,0.023958759145874246
12,6629,798,1692,216,155,134,58,798,3508,5907,6062,6377,6629,0.21030756348511404,0.19209904382918871
8,796,7,181,109,109,43,7,796,333,605,605,741,796,0.16525610569704235,0.15695858971275342
12,2559,150,164,285,184,364,75,150,467,1014,1198,2242,2559,0.10490192563629058,0.09866619378644163
12,2531,148,149,143,443,252,59,148,479,786,1229,1875,2531,0.08077637536597186,0.0763329135253008
12,1701,308,263,121,89,44,31,308,930,1387,1476,1584,1701,0.1291949622165473,0.1268863669916875
12,5028,1024,645,349,466,526,25,1024,1946,3144,3610,4608,5028,0.0103657045036726,0.01594881269811956
12,5091,63,279,68,19,216,3249,63,458,950,969,1248,5091,0.058917211787540176,0.048659132200266866
12,3620,1044,563,288,398,113,150,1044,2012,2710,3108,3326,3620,0.01,0.01976668398449011
12,5492,382,1185,159,327,483,117,382,2181,2810,3137,3890,5492,0.06323664807826064,0.06125746890811798
12,18467,516,2447,963,1103,1367,1723,516,4199,8208,9311,11878,18467,0.10909405760287716,0.10213988286512532
12,14577,6690,1723,98,108,52,152,6690,13202,14089,14197,14296,14577,0.22905805997234252,0.21788791063929205
12,3443,347,223,211,294,399,40,347,824,1663,1957,3046,3443,0.025902572038380874,0.026567993482266915
12,4365,507,513,253,242,311,161,507,1725,2391,2633,3269,4365,0.01,0.011929455043319315
12,10701,542,1035,1208,842,486,64,542,2895,7895,8737,10056,10701,0.1940211055390213,0.1774522304236936
12,5086,682,838,408,231,95,80,682,2204,4290,4521,4851,5086,0.15055516840001754,0.14279763473170923
8,2726,88,235,435,435,480,88,2726,537,1434,1434,2306,2726,0.13073492535074746,0.1228562445163423
9,182,19,0,25,10,33,19,182,0,25,35,68,182,1.5,0.1
9,83,0,2,11,36,10,0,83,11,35,71,81,83,0.010034401943795578,0.010696833021575597
11,60,2,0,20,25,0,0,2,2,31,56,59,60,0.19724979532405976,0.17329618680374256
12,241,0,32,6,5,3,2,0,50,224,229,236,241,1.5,0.1
12,412,3,4,24,14,82,67,3,20,95,109,252,412,0.15654446982947745,0.14141446270144864
12,2274,50,132,178,136,143,682,50,227,798,934,1260,2274,0.09609807479878565,0.08856734164327124
12,5431,587,879,550,362,142,25,587,2063,4476,4838,5208,5431,0.1635442002205755,0.15285531718444634
12,225,31,35,23,20,2,2,31,79,184,204,218,225,0.138253728124719,0.13149339330140544
12,130,12,23,5,2,0,0,12,81,126,128,129,130,0.27580779124181337,0.245245806455468
12,60,0,0,0,9,2,6,0,0,28,37,50,60,1.5,0.1
12,256,2,13,27,28,17,35,2,18,139,167,200,256,0.2881205611324409,0.2573266644708306
12,91,17,13,2,14,0,3,17,54,66,80,80,91,0.21586119806677065,0.20489679644322886
6,81,3,50,0,0,1,3,81,50,72,72,73,81,0.30582486162981865,0.283245058140582
12,1243,118,138,90,28,21,349,118,396,685,713,751,1243,0.01,0.010356176700233475
8,1683,2,518,105,105,2,2,1683,1033,1649,1649,1681,1683,0.20594299126716684,0.1920037787330395
12,80,1,22,1,0,1,24,1,24,34,34,36,80,0.01,1.0
12,267,2,14,77,82,3,12,2,32,150,232,237,267,0.24348155434113558,0.21509669446459037
9,516,4,127,92,36,1,4,516,169,472,508,509,516,0.2816846998717401,0.2440680796715984
10,96,1,0,17,31,15,0,1,1,33,64,79,96,0.01,1.0
12,64,7,2,0,10,2,0,7,27,43,53,55,64,0.1373273990003405,0.13214161636774474
12,91,6,25,11,3,11,6,6,33,49,52,68,91,0.06869187860621016,0.06601810348116348
12,82,13,4,2,7,4,1,13,22,51,58,68,82,0.01,0.01356854029168103
6,60,2,3,11,11,18,2,60,3,16,16,34,60,0.20813463070653535,0.18216249019320488
10,72,1,1,23,0,4,0,1,2,65,65,69,72,0.01,1.0
12,4603,2082,309,149,172,116,124,2082,2801,3715,3887,4096,4603,0.4249463485268628,0.3976310740071148
12,6126,602,401,143,89,432,878,602,1589,2289,2378,2975,6126,0.010097281905024213,0.01
12,14280,2283,3312,898,516,171,482,2283,9088,12049,12565,13201,14280,0.2276839581840869,0.21100462955770302
12,17778,2232,2844,537,288,263,1406,2232,10615,14396,14684,15187,17778,0.2865552276641398,0.25942396670682727
12,4568,1329,773,120,113,58,165,1329,3453,3824,3937,4054,4568,0.2363897808659698,0.22311601747462026
12,1912,214,247,67,74,197,199,214,838,1068,1142,1498,1912,0.047026341122479186,0.04787711513133082
10,1351,182,171,116,98,137,168,182,353,660,758,895,1351,0.01,0.01157803214411738
12,3610,794,489,176,141,128,286,794,1709,2438,2579,2807,3610,0.01,0.017061287413257124
12,1947,755,224,17,19,6,39,755,1700,1866,1885,1895,1947,0.23776016862893712,0.2226964030455383
12,1947,63,293,128,238,95,327,63,477,763,1001,1339,1947,0.0774420996089976,0.07174797434646152
12,8216,1278,754,476,444,710,98,1278,2740,4362,4806,6466,8216,0.018866464535974174,0.022138995716513548
11,16505,1084,893,1454,982,2318,1180,1084,1977,5463,6445,9781,16505,0.012242853809646516,0.010000009002823782
12,30201,5970,7012,1931,1013,757,511,5970,18677,25477,26490,27735,30201,0.16398988521175592,0.15799630773257503
8,5066,10,1219,680,680,90,10,5066,2450,4645,4645,4984,5066,0.18993188776508588,0.17787847053853387
12,859,106,140,92,75,10,17,106,369,674,749,790,859,0.14492435283408958,0.13811688717523019
12,272,26,23,34,25,13,7,26,71,188,213,239,272,0.12964018131709784,0.12324642290404396
12,267,40,25,43,15,5,7,40,100,221,236,250,267,0.11031575636281157,0.10788709411674416
12,373,8,13,53,17,2,11,8,26,323,340,352,373,0.2412013426472391,0.21014977913482702
12,79,18,12,7,6,7,4,18,44,54,60,71,79,0.052639748469798305,0.058733538605372046
12,518,34,49,43,39,19,65,34,137,356,395,429,518,0.17575932176817116,0.16351485335416113
12,2919,237,759,191,82,38,61,237,1511,2571,2653,2720,2919,0.25060914967834974,0.22475641184784742
12,2637,122,319,467,311,56,40,122,650,2011,2322,2487,2637,0.19590917264125873,0.17776929109971584
8,240,3,78,3,3,1,3,240,166,233,233,235,240,0.21041516308961078,0.19795309333357824
12,117,3,3,9,4,43,5,3,8,20,24,71,117,0.11302898294312597,0.10287793935670896
12,484,19,76,52,45,25,11,19,134,358,403,439,484,0.22544189324563066,0.20398066574613682
7,803,59,69,190,188,139,59,803,69,341,529,668,803,0.20403398032911133,0.18176453272372556
12,127,5,46,13,7,4,2,5,74,101,108,117,127,0.3709671172965833,0.32305614807394034
12,1525,8,156,188,109,57,215,8,203,865,974,1092,1525,0.35991572602220395,0.3222917618160385
12,1083,298,293,15,1,5,2,298,998,1074,1075,1081,1083,0.2389159369817346,0.2175786935419551
12,62,1,2,0,1,0,6,1,3,6,7,11,62,0.01,1.0
12,1227,3,57,108,51,50,459,3,63,268,319,414,1227,0.024322130724212906,0.01
12,1165,455,170,29,4,2,6,455,891,1153,1157,1159,1165,0.12282037746235303,0.12711344668932006
11,127,2,29,5,0,5,8,2,31,93,93,104,127,0.44922749374155657,0.3818870507737397
12,7868,4,593,1522,662,142,144,4,651,6606,7268,7566,7868,0.010000000380405915,0.999999999876894
12,3190,200,484,445,181,21,38,200,928,2838,3019,3110,3190,0.2038813477137692,0.18368674488031803
12,411,38,60,65,12,1,1,38,168,394,406,410,411,0.18292359034704378,0.16773987967996815
12,96,0,0,1,1,9,60,0,0,3,4,22,96,1.5,0.1
12,2202,125,158,211,163,47,482,125,442,1126,1289,1396,2202,0.054606262314225024,0.0524321577486043
12,3920,1096,792,136,26,1,4,1096,2917,3873,3899,3904,3920,0.2785054800645352,0.24531062293143124
12,350,36,21,28,16,35,33,36,78,146,162,207,350,0.01,0.01039021333904878
7,519,11,20,65,220,106,11,519,20,138,358,464,519,0.2452872019356724,0.2138637763660729
12,168,14,11,23,13,3,2,14,35,130,143,156,168,0.059912849414149844,0.05901048790109753
12,1782,10,60,355,258,108,24,10,86,1151,1409,1659,1782,0.27631811804891887,0.2421078192545863
12,525,16,45,24,13,26,196,16,92,181,194,257,525,0.015444491800150749,0.01
12,2384,432,608,109,64,15,4,432,1483,2269,2333,2366,2384,0.18004516707421933,0.16841909605533453
12,328,7,15,51,44,24,11,7,29,173,217,270,328,0.19946036052998056,0.1809970053326903
12,936,89,192,39,46,8,19,89,457,810,856,897,936,0.22092442444538424,0.20113630269319122
12,542,29,61,102,42,25,17,29,124,416,458,508,542,0.19545902098420928,0.17276908577381725
12,507,109,125,21,19,11,6,109,314,436,455,488,507,0.14469063635538684,0.1409680048037341
10,73,25,27,0,0,0,0,25,52,72,72,72,73,0.29818168601708694,0.25231227015254837
12,80,1,4,3,8,4,7,1,6,25,33,49,80,0.01,1.0
12,653,41,40,57,91,52,12,41,128,327,418,580,653,0.1286262001040858,0.12066167829600082
7,180,5,29,32,32,41,5,180,29,82,114,155,180,0.12148783104598147,0.11600303194027398
12,347,32,73,33,15,11,1,32,152,272,287,325,347,0.18662488329229462,0.17348664823509283
12,322,38,58,10,16,20,8,38,144,250,266,300,322,0.19008615564807338,0.17737008048892025
12,142,38,21,16,2,1,0,38,94,137,139,141,142,0.18408210029617347,0.1758084503083143
12,51,1,3,4,3,5,0,1,9,31,34,42,51,0.01,1.0
12,455,6,9,90,74,38,1,6,20,227,301,435,455,0.20729713723784784,0.18479841136018382
12,943,12,14,167,52,5,104,12,30,468,520,526,943,0.13207838420766607,0.12100516999683109
12,1208,161,51,39,19,95,38,161,406,655,674,835,1208,0.01,0.012541015548024649
12,1420,30,250,37,43,47,73,30,540,919,962,1081,1420,0.3945627372095581,0.351086213677945
12,97,16,3,11,7,11,0,16,26,56,63,83,97,0.05159383052236867,0.05371936343363749
12,58,4,7,4,0,4,2,4,19,42,42,56,58,0.18314295302673647,0.16985555892878715
10,242,12,22,50,18,15,0,12,34,171,189,204,242,0.21755659996077303,0.1968581321570152
12,2279,304,742,74,62,61,46,304,1455,1915,1977,2102,2279,0.2392584561065191,0.21758297269396962
10,4189,457,810,546,320,251,5,457,1267,3185,3505,3756,4189,0.1824599441968125,0.16984859393740834
7,1979,72,287,320,298,388,72,1979,287,960,1258,1646,1979,0.1355751455673888,0.12832396942967123
12,1067,0,0,2,13,114,346,0,0,5,18,225,1067,1.5,0.1
12,2193,466,501,112,29,2,1,466,1421,2153,2182,2192,2193,0.1653661747726214,0.1570441967385546
11,60,0,1,1,0,3,38,0,1,4,4,9,60,1.5,0.1
11,217,53,59,28,19,1,4,53,112,178,197,205,217,0.14065998279192726,0.13924326822765115
12,334,23,10,63,35,24,1,23,64,209,244,298,334,0.13559644045597613,0.12697165977157943
12,596,151,40,46,25,37,31,151,287,380,405,476,596,0.010448744265776116,0.019777781193364638
12,518,21,81,40,23,15,17,21,140,416,439,470,518,0.24924236648693032,0.2222459921082456
12,1208,80,147,52,187,51,63,80,310,717,904,1002,1208,0.15044520560553395,0.14119012303364084
9,529,4,72,10,8,5,4,529,405,465,473,478,529,0.3632835733426361,0.3341983172720341
12,474,4,19,17,20,35,87,4,41,108,128,247,474,0.15097934135665636,0.1385773105737882
11,429,62,159,8,1,2,3,62,221,398,399,402,429,0.28359393175499376,0.24999957464458533
12,204,7,4,20,21,8,23,7,20,122,143,161,204,0.20952546588974352,0.19123130317432377
12,635,16,99,37,48,46,43,16,158,289,337,410,635,0.10621825415764391,0.09854192295003784
8,571,4,208,47,47,38,4,571,336,491,491,548,571,0.2487634515049762,0.22729330753815136
4,144,9,4,37,37,94,9,144,4,41,41,135,144,0.35343592756422937,0.2890302986572035
12,56,0,5,2,13,5,8,0,12,21,34,46,56,1.5,0.1
12,80920,7473,9468,3982,3613,5464,8596,7473,24144,45530,49143,58056,80920,0.01,0.01057520198658548
12,82461,11507,11335,5416,5086,4163,4270,11507,34273,58923,64009,72678,82461,0.09916049246845833,0.098153324754523
12,69888,10652,14578,3725,1567,1640,3102,10652,36838,54961,56528,60375,69888,0.17464272104118875,0.16630203576564248
12,58054,4091,10819,3377,2635,2965,4712,4091,19974,37428,40063,46302,58054,0.15757497752257776,0.1487653345908676
12,19367,2126,4369,794,607,498,1097,2126,8951,14972,15579,16934,19367,0.20055976758937735,0.18640027989434002
12,10708,1769,1549,431,362,447,741,1769,4983,7368,7730,8553,10708,0.011627996323216013,0.01615663494974653
12,5598,971,1170,181,120,203,312,971,3587,4267,4387,4720,5598,0.25994480319349167,0.24045704004455415
12,6025,271,510,315,612,751,770,271,1131,1921,2533,3954,6025,0.032900333413605834,0.029379502759563088
12,68794,13869,11886,3460,2019,1808,2181,13869,37251,56513,58532,62322,68794,0.12235928269566608,0.12146331364017125
12,20763,2579,3644,955,1079,910,1104,2579,9043,14509,15588,17395,20763,0.1099099027947517,0.10756886230954689
8,13416,1143,1582,2355,2355,1481,1143,13416,2851,7333,7333,10678,13416,0.1423334050353799,0.1329391112679925
12,14832,1926,1691,983,1128,804,859,1926,5148,9367,10495,11937,14832,0.052352874139060854,0.0536824537309336
12,9940,1220,1104,725,567,668,409,1220,3469,6489,7056,8031,9940,0.05246492005069377,0.05361797017243419
12,7989,870,1129,697,466,394,166,870,3079,5562,6028,6912,7989,0.12071465180422526,0.11655083896627204
12,5280,890,680,498,331,220,74,890,2298,4122,4453,4940,5280,0.09574112556956133,0.09574687375119303
12,1633,617,291,76,42,-31,0,617,1263,1728,1770,1734,1633,0.10681942098994188,0.11138653737557834
12,3949,266,37,477,484,412,29,266,486,1953,2437,3390,3949,0.11652129781610625,0.10966312359705721
12,2885,578,370,139,106,59,73,578,1325,2153,2259,2447,2885,0.01,0.015892697227118533
12,1822,320,273,63,112,97,79,320,825,1212,1324,1571,1822,0.01,0.01482204697147613
12,393,137,76,3,4,5,1,137,332,353,357,367,393,0.21852817501676486,0.20756848267868055
12,290,25,18,21,14,28,51,25,59,127,141,187,290,0.010411090154279264,0.01
12,5362,354,248,113,608,706,854,354,825,1461,2069,3231,5362,0.012012406065131516,0.01
12,19879,2467,3206,1395,1501,1128,408,2467,8227,13206,14707,17850,19879,0.09411528661379796,0.09279367867373585
12,7191,1129,692,570,193,604,252,1129,2561,4318,4511,5710,7191,0.3715429077861284,0.3575296061737552
8,6337,22,1132,799,799,704,22,6337,2412,4212,4212,5999,6337,0.1102160591526399,0.10877033624989146
12,222,2,17,16,27,15,25,2,22,121,148,177,222,0.2916681882730387,0.26118188502748363
12,127,14,12,20,13,4,1,14,31,99,112,121,127,0.1373370030875145,0.1294869317212452
12,60,0,2,6,9,7,8,0,2,25,34,46,60,1.5,0.1
12,646,34,96,55,33,17,5,34,179,554,587,623,646,0.21314969178668158,0.1913056525095047
12,83,5,4,1,3,1,37,5,19,28,31,34,83,0.013003691889053606,0.01
12,71,19,10,1,6,1,5,19,43,56,62,63,71,0.07005376355464,0.07662570478880587
12,204,6,50,24,15,1,6,6,82,166,181,188,204,0.2908157391760786,0.2591006813006896
12,106,0,0,30,9,2,4,0,0,69,78,90,106,1.5,0.1
12,231,18,23,4,12,0,12,18,58,176,188,197,231,0.21202222646105018,0.19291287959923276
12,645,14,77,75,72,11,21,14,151,474,546,593,645,0.2506717833055718,0.2242139985204716
12,437,32,49,47,36,22,49,32,113,269,305,352,437,0.12237015299821576,0.11643021886810523
7,599,16,65,164,79,143,16,599,65,329,408,551,599,0.19907849004648875,0.18123382884517558
12,705,43,69,129,95,19,23,43,186,508,603,653,705,0.17056095875578436,0.1572476830894442
12,1159,30,144,72,23,43,109,30,229,859,882,960,1159,0.09906782920939015,0.09745247717424094
12,1455,137,253,122,95,19,6,137,612,1272,1367,1424,1455,0.19079419113527182,0.17527250091047525
12,489,17,73,36,76,24,17,17,112,308,384,441,489,0.20212455616936437,0.18388762791910004
12,3619,113,469,525,408,198,172,113,754,2337,2745,3188,3619,0.20871467008789776,0.18987819620819646
10,312,85,138,3,2,0,0,85,223,309,311,311,312,0.2577002038288807,0.23056314094994096
12,9666,11,59,901,976,686,2792,11,75,1776,2752,4234,9666,0.10710050495060155,0.08983231386503115
12,32400,7159,7962,880,296,71,31,7159,23277,31789,32085,32271,32400,0.18806242513763105,0.17630019653012147
5,163,71,15,16,16,16,71,163,15,31,47,47,163,0.020807563355304096,0.01
12,104,2,4,10,3,5,1,2,9,82,85,98,104,0.24105651553237883,0.2113338723172374
12,51,1,0,6,2,6,1,1,3,24,26,34,51,0.01,1.0
12,78,9,17,1,7,2,1,9,45,51,58,75,78,0.3092349098223041,0.2811270554443257
12,73,5,16,3,1,8,3,5,37,49,50,59,73,0.3510612493392435,0.31559770798655634
11,212,1,10,22,13,31,25,1,11,76,89,151,212,0.01,1.0
9,149,1,14,5,27,52,1,149,17,43,70,122,149,0.21723961768904967,0.19277421260134692
8,57,0,18,12,12,1,0,57,20,53,53,55,57,0.35540621921800714,0.301282287691215
9,80,2,4,11,27,11,2,80,9,32,59,70,80,0.1876932977738265,0.1694316458299826
11,3161,3,9,75,76,340,580,3,12,158,234,714,3161,0.010000001147291724,0.9999999996286992
11,1028,296,167,60,27,3,2,296,463,975,1002,1019,1028,0.1323177774553195,0.13113333783285516
6,147,1,1,61,61,54,1,147,1,85,85,139,147,0.01,1.0
12,605,59,84,52,23,11,11,59,262,506,529,545,605,0.19437309708723685,0.18015422599621114
12,2932,103,314,429,211,58,458,103,754,1811,2022,2161,2932,0.19852869145699523,0.18392209073980767
12,1695,319,304,95,93,46,21,319,827,1384,1477,1599,1695,0.1091573385591347,0.10847916123862272
12,262,12,14,12,20,15,45,12,43,120,140,171,262,0.05795544389193842,0.05419024368253179
12,861,78,73,85,45,54,89,78,233,477,522,610,861,0.01,0.010350467448679908
12,5399,296,973,661,598,165,114,296,1750,4078,4676,5092,5399,0.20175043102080234,0.18415469006683904
12,1619,178,227,216,152,20,12,178,580,1341,1493,1590,1619,0.1559259348467712,0.14598115207461934
8,105,0,42,1,1,0,0,105,94,104,104,105,105,0.24766939309677247,0.2303347449701672
12,1055,34,125,152,97,39,53,34,254,720,817,913,1055,0.2234415619046247,0.2032600906376482
7,414,25,76,83,37,71,25,414,76,230,267,338,414,0.09649666977414698,0.09498118296930934
12,228,28,21,29,27,18,10,28,75,132,159,201,228,0.039116651919460455,0.040568215408092224
12,208,22,33,16,19,6,13,22,76,132,151,181,208,0.10571875440618228,0.10265472801582531
12,454,75,105,40,16,6,2,75,259,401,417,443,454,0.16667488169893974,0.1579876689607307
12,163,1,2,4,6,43,11,1,5,12,18,138,163,0.01,1.0
12,188,16,68,5,2,9,2,16,111,165,167,183,188,0.26285413120480683,0.23211378279093325
12,284,1,20,15,9,14,19,1,28,192,201,218,284,0.01,1.0
12,766,142,100,51,21,34,10,142,389,666,687,731,766,0.12696378850212048,0.12440486288429754
7,207,31,2,51,42,27,31,207,2,64,106,133,207,0.28305574451188475,0.24963937119497334
12,119,1,11,11,13,6,1,1,21,84,97,114,119,0.01,1.0
11,133,0,0,61,19,3,2,0,0,97,116,121,133,1.5,0.1
8,109,55,11,20,20,1,55,109,12,40,40,53,109,0.01,1.0
8,73,19,9,5,5,12,19,73,11,20,20,34,73,0.04919393940554398,0.03820011830490589
12,317,12,47,43,12,11,22,12,84,210,222,246,317,0.23083945160976235,0.211563811746352
12,2340,220,426,232,58,7,13,220,1131,2225,2283,2314,2340,0.21279072169877142,0.19320581767685582
7,110,2,6,43,15,19,2,110,6,63,78,97,110,0.27288515691181947,0.23954216021429456
10,576,0,0,0,1,4,456,0,0,1,2,6,576,1.5,0.1
12,13326,1516,1918,954,586,283,978,1516,5332,10077,10663,11348,13326,0.15707380134475868,0.14923707271326658
12,3269,1192,652,1,0,0,0,1192,2847,3265,3265,3268,3269,0.18799588039250398,0.18035689864592153
12,15111,0,109,1047,965,3303,1434,0,116,1916,2881,7748,15111,1.5,0.1
12,28147,9510,4683,957,430,61,81,9510,21297,27330,27760,27917,28147,0.14402049879556322,0.1438470815705219
7,2462,167,168,407,697,502,167,2462,168,804,1501,2003,2462,0.19865538093305893,0.1784448990120765
12,2375,377,467,129,93,83,4,377,1417,2055,2148,2313,2375,0.19885279019845312,0.18594219439023166
12,243,24,21,7,23,21,6,24,92,126,149,191,243,0.03242575442787578,0.03313939638854069
12,390,71,71,43,31,11,9,71,218,315,346,365,390,0.1292513460545153,0.1270092423228566
12,112,1,13,7,11,4,40,1,17,39,50,58,112,0.01,1.0
12,124,50,13,2,2,1,1,50,87,115,117,120,124,0.47189364988099025,0.4154170657257676
12,64,3,6,27,1,2,0,3,15,54,55,60,64,0.1847107988332783,0.16808211965602016
12,823,12,83,25,70,165,47,12,146,185,255,542,823,0.14487782209438016,0.13182048802677188
12,439,99,41,25,10,18,62,99,167,268,278,317,439,0.01,0.017499057848111645
12,596,103,82,20,35,62,3,103,271,357,392,519,596,0.015189924116982478,0.019751140440499186
10,238,24,9,19,155,4,2,24,33,70,225,229,238,0.12424806267957454,0.11600386362654737
11,140,9,14,8,8,23,11,9,23,39,47,78,140,0.0535170514468247,0.0502261792401141
12,857,24,71,151,65,85,33,24,124,446,511,699,857,0.16948907789568946,0.15561244998473422
11,1381,65,141,90,33,57,33,65,206,1043,1076,1212,1381,0.79369792821634,0.7463227121123854
8,393,13,72,41,41,39,13,393,128,233,233,334,393,0.12335958969084013,0.11843225547028995
12,63,5,6,7,0,0,11,5,12,38,38,38,63,0.010523179240848864,0.01
12,319,0,0,36,8,9,203,0,0,47,55,84,319,1.5,0.1
7,17779,47,2070,4188,4435,2154,47,17779,2070,10617,15052,17206,17779,0.2244842182694946,0.20186104446872963
12,1104,30,33,99,60,75,323,30,78,327,387,493,1104,0.015943273805593003,0.01
12,2303,544,563,52,24,22,54,544,1651,2178,2202,2242,2303,0.18484911275387275,0.17465313488496878
7,715,3,159,276,60,13,3,715,159,639,699,712,715,0.224219814523192,0.20313967016671872
12,7463,4,81,501,583,602,1687,4,91,1267,1850,2840,7463,0.010000025216621912,0.9999999918393505
12,14408,2711,2400,1236,614,103,1098,2711,7748,12071,12685,12979,14408,0.1311508308849041,0.12885849817056735
7,8374,149,1954,1430,1518,1263,149,8374,1954,4834,6352,7615,8374,0.10565439409941248,0.1052712549935998
12,68,28,1,0,0,0,0,28,67,68,68,68,68,0.2779898630807978,0.2476793033862839
12,107,0,0,0,0,55,3,0,1,5,5,60,107,1.5,0.1
12,56,2,23,0,0,0,0,2,53,56,56,56,56,0.4041505140602994,0.3314681564668516
12,1286,4,164,60,35,43,196,4,387,643,678,963,1286,0.6697551705881805,0.599280379262993
12,128,76,9,0,1,1,1,76,111,125,126,127,128,0.3093186417532867,0.28978302849910764
7,869,303,0,48,55,188,303,869,0,59,114,302,869,1.5,0.1
11,1760,23,132,460,363,47,14,23,155,1186,1549,1725,1760,0.2693754831083636,0.23594717720382796
12,230,20,45,20,13,6,0,20,106,209,222,230,230,0.01195397320974329,0.013842172741746676
12,126,6,29,11,8,2,17,6,43,81,89,95,126,0.7882121771777221,0.748091066525202
12,943,24,114,159,80,10,54,24,202,714,794,828,943,0.23970351037096424,0.21458877606818783
12,1046,126,264,31,12,5,6,126,545,1004,1016,1033,1046,0.20601321927394523,0.1867757996222661
12,86,7,6,14,10,1,5,7,20,53,63,66,86,0.10052953394482872,0.09661082984947897
12,346,9,39,70,26,12,10,9,55,269,295,330,346,0.22780534603015723,0.20282537744389673
12,74,3,10,6,9,3,7,3,21,45,54,62,74,0.19043707416327177,0.17602381296321315
12,148,1,0,0,0,1,25,1,1,1,1,2,148,0.01,1.0
5,436,1,44,61,195,195,1,436,44,105,300,300,436,0.23805787450419677,0.2076138334526221
7,400,0,124,92,34,7,0,400,124,357,391,398,400,0.21636020429679173,0.20099885270547596
3,392,150,150,87,87,155,150,392,392,87,87,242,392,0.1465647227962897,0.13011204684356828
8,1902,3,517,372,372,151,3,1902,737,1518,1518,1820,1902,0.23284151774458853,0.21070623395885132
9,1044,4,170,143,118,90,4,1044,317,690,808,898,1044,0.15974941623716382,0.15078890786016488
12,836,100,149,90,23,24,1,100,528,722,745,785,836,0.32202511747603707,0.28833053953170107
12,456,36,36,40,32,61,3,36,114,234,266,357,456,0.07637302336367022,0.0738022067199115
7,5402,384,162,779,1130,1351,384,5402,162,1351,2481,3832,5402,0.22154088643858996,0.1957502989068898
11,4365,527,703,481,305,197,6,527,1230,3381,3686,4092,4365,0.18503191853385023,0.17223327723433163
11,2245,205,468,352,105,89,21,205,673,1707,1812,1977,2245,0.21759778589464573,0.20041198672101293
4,103,23,24,40,40,16,23,103,24,64,64,80,103,0.052912300599437884,0.051443922472436315
10,325,19,56,24,25,20,3,19,75,268,293,313,325,0.28896364682826414,0.25401404197393557
12,164,1,6,26,24,11,30,1,8,58,82,98,164,0.01,1.0
7,176,0,50,37,32,8,0,176,50,135,167,175,176,0.17425664900589657,0.16632039102996832
7,87,0,45,12,6,0,0,87,45,79,85,85,87,0.2634050067213221,0.24707731410920802
12,1059,0,1,78,201,157,120,0,1,106,307,661,1059,1.5,0.1
12,188,14,13,28,39,22,6,14,35,77,116,165,188,0.10038520333301448,0.09521423498346987
12,185,5,18,16,20,6,3,5,102,140,160,172,185,0.5743167138785146,0.483245686482174
12,185,1,8,17,26,20,8,1,27,75,101,145,185,0.01,1.0
7,93,16,9,3,16,28,16,93,9,14,30,58,93,0.05735004366253046,0.05170872908086644
7,51,14,0,6,2,5,14,51,0,6,8,13,51,1.5,0.1
8,832,1,131,178,178,14,1,832,153,727,727,817,832,0.34101775264011797,0.2875060242771756
12,84,1,0,1,0,2,50,1,1,3,3,7,84,0.01,1.0
12,12052,2,1,1,1,44,3549,2,6,14,15,94,12052,0.01,1.0
12,213291,50012,59761,2023,2272,255,33,50012,177702,209873,212145,213151,213291,0.22200575272523068,0.20341634376082363
12,84,26,5,6,3,10,2,26,40,52,55,68,84,0.2177073394028983,0.2225123643343049
12,51,3,5,1,6,0,5,3,11,24,30,35,51,0.06699375102687244,0.06387237783459766
12,82,3,5,6,10,10,1,3,11,38,48,67,82,0.15358365322043174,0.13853298481853593
12,90,10,4,8,12,11,1,10,18,41,53,76,90,0.02413155453907193,0.025042708493164145
12,108,11,4,0,15,13,2,11,19,30,45,79,108,0.01,0.010339000332339317
8,157,20,11,17,17,23,20,157,30,54,54,102,157,0.011185912517830555,0.01
12,53,1,18,1,5,1,1,1,31,37,42,45,53,0.01,1.0
12,161,4,6,6,14,16,10,4,19,32,46,74,161,0.0873802529081558,0.07946496029333215
9,180,4,3,24,22,15,4,180,8,73,95,110,180,0.1883168098077367,0.1709713662881088
8,889,15,155,171,171,42,15,889,376,764,764,857,889,0.1449883983583949,0.14080262695297807
12,1868,202,230,250,184,68,30,202,635,1365,1549,1694,1868,0.13075947984519493,0.1248304654194827
12,184,27,26,12,16,9,6,27,78,138,154,170,184,0.11623229471325013,0.11363551377960306
12,223,4,63,20,19,18,11,4,71,123,142,179,223,0.4057951067926488,0.3644624163859821
12,1322,19,54,104,129,165,119,19,102,365,494,859,1322,0.14739919553266806,0.13437538725696704
12,1587,216,203,113,70,88,67,216,663,1120,1190,1382,1587,0.08922611493686589,0.08893435182069814
12,1693,77,122,139,198,157,105,77,260,727,925,1276,1693,0.11700813319036778,0.1094410412940549
12,1958,115,152,171,204,137,114,115,402,1043,1247,1543,1958,0.11919643043288473,0.11254707377600033
12,1077,80,93,129,112,65,77,80,264,534,646,816,1077,0.06513487051629628,0.06292503600706
12,477,74,94,29,27,13,20,74,272,346,373,416,477,0.3103459907615146,0.2766800623493979
12,128,10,18,8,5,3,10,10,39,80,85,94,128,0.08384583525847486,0.08136011041712474
12,209,12,11,13,11,19,23,12,30,69,80,126,209,0.012412449743339373,0.01
12,2002,12,52,94,139,313,335,12,104,372,511,991,2002,0.13596561906594418,0.12169659311493498
12,3791,677,560,191,202,110,147,677,1854,2815,3017,3297,3791,0.06785768016351243,0.07079399102798899
7,517,39,93,76,81,82,39,517,93,251,332,414,517,0.0526292158915249,0.053617387003276826
12,277,15,47,36,13,5,1,15,132,242,255,266,277,0.24518071870781977,0.22221930031704126
12,308,38,12,8,10,6,16,38,200,258,268,277,308,0.4017142257761158,0.3464825686288466
12,283,16,78,6,6,3,6,16,241,261,267,271,283,0.40957779802794586,0.34028291973707014
12,232,5,90,11,6,0,14,5,117,203,209,215,232,0.3520575686729468,0.30302238383280466
12,109,8,20,10,9,5,9,8,49,80,89,96,109,0.21659018053600584,0.20054053153564558
12,879,46,122,58,29,52,29,46,232,578,607,686,879,0.198847379452527,0.1839350194441734
12,852,74,271,29,10,7,22,74,481,771,781,796,852,0.2596928425481338,0.22074730447273888
12,501,46,62,25,13,20,53,46,204,356,369,401,501,0.2178561797713159,0.2030151829709798
12,919,52,117,63,71,55,36,52,243,531,602,732,919,0.13536007316571808,0.12750596783203938
12,1266,296,248,32,29,28,14,296,818,1116,1145,1207,1266,0.16043809118842006,0.1554602415614695
12,432,68,58,22,18,5,17,68,184,377,395,407,432,0.14202327503610807,0.1359661914301407
12,370,57,110,14,7,3,18,57,283,319,326,334,370,0.28502900273560683,0.2549127342935926
8,164,3,26,41,41,10,3,164,48,118,118,152,164,0.17358006561476177,0.16110154791726672
5,161,14,50,33,34,34,14,161,50,83,117,117,161,0.07308464370026692,0.07674749132395477
12,330,40,32,14,5,23,30,40,128,198,203,248,330,0.01,0.01228741197407578
9,360,5,144,23,15,0,5,360,244,339,354,354,360,0.2443213310564998,0.22272851216245734
12,196,0,139,0,0,0,0,0,154,196,196,196,196,1.5,0.1
8,4353,353,26,1164,1164,911,353,4353,26,1475,1475,3290,4353,1.5,0.1
7,408,8,2,33,75,149,8,408,2,64,139,288,408,0.29117342923007405,0.24947431896298952
12,20636,7,340,6070,1122,91,762,7,347,17972,19094,19357,20636,0.010000015078314608,0.9999999951202151
12,28703,3064,9748,405,116,6,5,3064,17348,28547,28663,28693,28703,0.7939688800013993,0.746152739283482
6,1187,3,0,269,269,293,3,1187,0,277,277,570,1187,1.5,0.1
7,198,7,1,54,60,46,7,198,1,69,129,175,198,0.01,1.0
12,291,35,40,28,15,0,11,35,116,253,268,274,291,0.16069812587576499,0.15077482746947737
12,61,7,10,0,0,0,0,7,33,57,57,57,61,0.23129913327555968,0.20840845312823317
12,134,2,5,6,3,5,25,2,8,32,35,42,134,0.03639650597589375,0.02814673305447648
12,409,49,84,14,38,30,0,49,135,206,244,286,409,0.026717383570078,0.028068348826053954
8,666,4,128,71,71,49,4,666,350,512,512,617,666,0.09335297016806608,0.09911995126671812
11,126,9,1,6,20,24,2,9,10,33,53,85,126,0.0713353381428979,0.06743928288856745
11,52,1,3,1,8,10,0,1,4,15,23,41,52,0.01,1.0
12,80,0,6,16,15,5,5,0,10,33,48,58,80,1.5,0.1
12,421,1,2,30,44,115,0,1,5,45,89,297,421,0.01,1.0
12,130,3,5,7,18,17,1,3,14,27,45,107,130,0.1381119685568603,0.12539222762872476
11,163,16,10,5,4,19,27,16,26,50,54,80,163,0.020192572177742864,0.019657455613961494
10,226,4,4,18,3,2,0,4,8,212,215,217,226,0.30509462400243414,0.256565841907344
10,917,131,175,105,41,39,1,131,306,565,606,645,917,0.021398228687681386,0.023849531683101288
12,949,100,57,94,81,70,75,100,302,458,539,667,949,0.02469706051180855,0.025357246756108686
12,884,88,87,153,125,32,29,88,228,578,703,776,884,0.1125996849667806,0.1078784130943595
11,676,33,59,57,20,38,4,33,92,205,225,320,676,0.06434014602960716,0.05930378020052339
12,664,13,44,113,92,11,29,13,86,323,415,426,664,0.16002036334851474,0.14756365003208063
12,706,33,34,3,182,163,2,33,102,143,325,657,706,0.1230955081927393,0.11382657832333615
8,333,51,39,60,60,19,51,333,66,184,184,226,333,0.08693625634284272,0.0815312784093906
12,2096,616,342,64,50,58,58,616,1605,1844,1894,2013,2096,0.22729847106682824,0.21466811115849968
12,993,58,6,120,3,10,0,58,724,960,963,993,993,0.4707993376845122,0.3822335131919596
12,110,0,0,17,23,0,2,0,2,19,42,106,110,1.5,0.1
12,1243,299,238,67,31,22,34,299,870,1103,1134,1189,1243,0.19530774947401747,0.1860766506510533
12,1388,20,37,47,87,110,511,20,79,195,282,505,1388,0.018641545552821305,0.01
12,5244,931,988,373,149,71,63,931,3361,4775,4924,5063,5244,0.20243202131164478,0.18941867484841904
12,442,136,62,36,8,5,1,136,327,422,430,438,442,0.1736781249537691,0.17007332404652256
11,149,9,3,5,3,4,39,9,12,30,33,43,149,0.013931525906750196,0.01
7,96,8,29,8,15,9,8,96,29,50,65,74,96,0.01,0.018172918458097046
11,932,27,27,65,99,133,96,27,54,194,293,578,932,0.11980595866267935,0.10964767816592938
12,1052,28,39,25,57,265,35,28,101,181,238,603,1052,0.09023120995321524,0.08209019200671154
12,62,1,2,6,4,11,0,1,7,29,33,53,62,0.01,1.0
12,74,25,4,12,4,3,4,25,29,56,60,68,74,0.6323570861972915,0.5867346314640163
8,55,2,5,9,9,5,2,55,17,29,29,39,55,0.06408392223141547,0.06583188356931222
12,671,77,185,54,18,14,2,77,382,602,620,659,671,0.21846318239597562,0.19952899036334887
12,75,2,9,13,2,5,7,2,12,46,48,58,75,0.21390213881551684,0.19548750332123727
12,67,3,2,3,6,4,7,3,7,24,30,40,67,0.013396973816945271,0.01
12,273,5,25,80,59,10,3,5,32,168,227,262,273,0.20662136828474198,0.18378498272578028
12,284,86,13,6,28,4,10,86,166,212,240,255,284,0.010592063140664035,0.02157565801686242
12,99,5,12,5,3,0,4,5,54,78,81,83,99,0.47948058850561615,0.4142892509206814
12,260,10,17,35,28,15,20,10,41,168,196,223,260,0.19621017799498727,0.17900300358644847
12,431,30,76,28,22,15,17,30,146,331,353,391,431,0.21448242263291395,0.19575025073745736
12,388,37,169,4,4,13,5,37,263,340,344,366,388,0.2678673656467403,0.23627742498793122
12,143,19,12,2,5,29,1,19,40,50,55,129,143,0.01,0.012058735501838926
12,132,2,1,0,2,0,106,2,5,12,14,15,132,0.01973170438622285,0.01
12,964,434,101,77,13,9,15,434,708,898,911,931,964,0.10735399634189467,0.11822453289195346
12,116,28,15,6,5,3,5,28,71,93,98,103,116,0.15939813589183235,0.1571601330575239
8,264,177,0,4,4,33,177,264,1,8,8,57,264,0.01,1.0
12,2640,1,10,295,700,444,106,1,15,333,1033,1884,2640,0.01,1.0
11,144,46,24,5,1,2,0,46,70,138,139,142,144,0.1402018577140709,0.13900357678718464
10,84,4,4,13,17,10,4,4,8,33,50,60,84,0.7817458131448634,0.750180703979268
12,205,1,42,42,23,5,21,1,55,127,150,164,205,0.01,1.0
7,488,14,31,186,118,59,14,488,31,264,382,441,488,0.25688773521784874,0.22505784147399452
8,68,1,18,13,13,2,1,68,44,63,63,66,68,0.22426166435316358,0.21293887091543104
12,274,20,38,98,32,1,0,20,104,230,262,269,274,0.1633599301101954,0.15130278845339956
12,104,1,2,29,5,1,0,1,8,94,99,103,104,0.01,1.0
12,2228,17,55,104,199,674,52,17,80,326,525,1714,2228,0.17647252563663585,0.15762754570023502
12,593,50,166,44,14,9,4,50,320,536,550,567,593,0.22805551756643003,0.20685850830879693
12,790,72,203,21,14,1,9,72,368,735,749,752,790,0.22192985326579542,0.19895920254398425
12,377,31,103,7,5,2,25,31,175,325,330,334,377,0.15696939657019168,0.1461450920383573
12,756,17,146,23,9,9,48,17,244,551,560,576,756,0.33024374727145295,0.29133377729765403
12,770,90,246,9,16,3,11,90,472,716,732,739,770,0.2303618540630053,0.2072267483993557
12,392,35,77,23,17,13,26,35,161,323,340,361,392,0.19670227452661013,0.18111634534107438
11,1445,50,131,235,122,45,71,50,181,953,1075,1203,1445,0.25361263142444507,0.22762765582033098
12,2568,273,724,94,18,16,13,273,1340,2472,2490,2535,2568,0.21604444754697968,0.19429238324301992
12,849,123,220,28,9,9,4,123,546,780,789,823,849,0.22572479470288984,0.205854726695393
12,788,56,237,13,14,27,56,56,468,621,635,689,788,0.31314893454045944,0.2767900308223266
10,680,34,111,169,30,4,0,34,145,593,623,627,680,0.24876068021943462,0.2212590449053
12,1693,99,365,50,21,26,132,99,648,1380,1401,1434,1693,0.25622202300493113,0.22893274122005386
8,1779,14,530,353,353,32,14,1779,884,1649,1649,1762,1779,0.21217523520656897,0.1947977511482883
12,3948,331,1056,111,99,145,195,331,2173,2959,3058,3330,3948,0.29374328402196964,0.26378690627247237
12,55448,6608,17797,1507,972,543,219,6608,36651,51967,52939,54169,55448,0.24359926683943162,0.2182498719143764
12,6857,1560,1285,288,69,53,145,1560,4726,6152,6221,6353,6857,0.20178329846261236,0.1907817431055088
12,12391,641,1927,932,691,664,410,641,4126,8134,8825,10088,12391,0.19500204565989013,0.18116655686314193
12,17581,2638,3052,972,699,781,249,2638,9637,13979,14678,16435,17581,0.17494502175159687,0.16644486341604564
12,6836,1217,1700,228,164,115,180,1217,4372,5759,5923,6123,6836,0.21083489330190455,0.19681638825715783
12,28302,3004,7344,1325,825,305,236,3004,15283,25986,26811,27434,28302,0.2213544844700294,0.20052743024843395
12,10227,2415,2860,141,133,140,81,2415,8321,9494,9627,9885,10227,0.22577302781020986,0.20804436640734814
12,20748,4726,5104,476,349,237,284,4726,15371,19147,19496,19955,20748,0.2058999731110389,0.1926183190451511
12,12224,2013,2395,1113,613,196,134,2013,6057,10515,11128,11645,12224,0.13886659655899453,0.1337718145518702
12,10948,2448,1864,513,410,254,98,2448,6109,9568,9978,10538,10948,0.11461083447945036,0.11457933375120241
8,12262,30,2378,1447,1447,782,30,12262,4329,9309,9309,12071,12262,0.18993009664832597,0.17574278783751565
11,107,6,6,12,1,0,0,6,12,106,107,107,107,0.24862088287749853,0.21467501564506422
12,64,4,0,3,24,2,13,4,8,12,36,45,64,0.012075550939835622,0.01
12,1884,146,356,166,31,2,0,146,777,1838,1869,1883,1884,0.21040371389205936,0.18914033184621937
12,153,4,5,4,7,22,21,4,14,35,42,71,153,0.08091704836127211,0.07342409229068857
12,97,33,18,4,0,0,1,33,56,94,94,95,97,0.01,0.020471204279795013
12,8048,428,809,618,450,443,1326,428,1836,4050,4500,5433,8048,0.012165279386554873,0.01
12,8030,3873,812,371,157,44,57,3873,6058,7620,7777,7878,8030,0.11452508257908547,0.12536039411426425
12,1370,106,184,158,20,20,26,106,381,1236,1256,1297,1370,0.19800214745178996,0.1791408882708895
12,338,21,26,45,27,15,29,21,80,176,203,241,338,0.058735145981966545,0.0562047218287083
12,2844,104,301,194,122,128,403,104,555,1672,1794,2060,2844,0.14671251266646484,0.1374161747811781
12,6791,561,580,810,612,337,381,561,1538,4014,4626,5425,6791,0.09987273416143505,0.09586419199034056
12,33007,2504,5476,3548,2139,1276,308,2504,10932,26214,28353,30972,33007,0.18425322933077884,0.1695951354064145
12,2066,286,264,220,119,68,98,286,809,1540,1659,1812,2066,0.10253870579689826,0.10099570467604178
12,2863,429,560,78,98,173,61,429,1646,2100,2198,2445,2863,0.24259709845833075,0.22615930052742103
12,9313,688,1395,1321,717,52,382,688,3070,7353,8070,8196,9313,0.19107085224411424,0.17597449469179063
12,7917,732,984,861,453,344,823,732,2524,4992,5445,6137,7917,0.010531832277935806,0.01133093889065052
12,17515,1308,2000,1892,1216,974,1196,1308,4666,10490,11706,13693,17515,0.10247886235915471,0.09821185202114037
8,16009,682,1887,2711,2711,2129,682,16009,3631,8664,8664,13725,16009,0.14256711287517557,0.1334274237808043
12,2593,5,233,641,259,29,21,5,256,2173,2432,2525,2593,0.33262938968882927,0.285746014273511
11,53,34,7,0,0,1,0,34,41,50,50,52,53,0.34520120609889415,0.3194326422127954
12,1509,150,136,212,151,75,40,150,446,983,1134,1354,1509,0.11158082407961464,0.107235331895378
12,4855,72,83,139,192,343,1869,72,221,621,813,1379,4855,0.018785824228431555,0.01
12,53906,17228,6940,2563,2657,2149,172,17228,34425,44372,47029,52050,53906,0.013855377331186686,0.024673684213226466
12,2021,391,320,122,90,62,44,391,1101,1596,1686,1820,2021,0.11377908284269672,0.11378694719668571
12,647,65,69,52,62,66,41,65,176,338,400,517,647,0.018827606039315527,0.019623257471857655
12,2407,60,96,111,116,303,513,60,237,534,650,1124,2407,0.016156571023917696,0.01
12,22796,1371,2486,1533,1435,1336,2753,1371,5720,11357,12792,15430,22796,0.011591659166331427,0.01
12,48375,6345,11474,1941,1354,1094,425,6345,32414,42862,44216,46454,48375,0.26889244424702846,0.24200275471608676
12,3677,1420,654,50,27,28,11,1420,3290,3532,3559,3625,3677,0.2168704035394105,0.20561473963008137
12,218,35,19,11,11,10,20,35,86,119,130,155,218,0.01,0.013952580744155861
12,586,9,48,68,72,71,39,9,70,234,306,437,586,0.17411666981729723,0.15919467826081096
12,2880,66,93,148,194,393,322,66,255,710,904,1545,2880,0.08981629536828198,0.08155002711233447
12,4003,292,551,199,274,299,193,292,1219,2325,2599,3260,4003,0.11156144173576717,0.10672889562583464
8,3314,158,428,501,501,369,158,3314,730,1793,1793,2620,3314,0.14732556521036097,0.1372522825810261
12,1367,184,200,124,41,5,8,184,634,1296,1337,1351,1367,0.1724010793508917,0.16054436500109634
12,284,7,44,24,19,3,9,7,64,229,248,267,284,0.26785356834241525,0.23600628546999408
7,60,4,8,25,8,7,4,60,8,38,46,53,60,0.20203483154661867,0.18403945536023555
12,171,0,106,3,1,3,12,0,110,126,127,133,171,1.5,0.1
12,186,4,8,34,27,5,22,4,18,86,113,133,186,0.015231572127113593,0.01000012925151261
12,68,13,9,3,0,4,3,13,40,57,57,64,68,0.19876908971824767,0.1881217002855092
12,65,6,9,7,2,1,1,6,24,53,55,59,65,0.1816765560647764,0.1686625569682102
12,85,8,23,2,0,5,5,8,36,64,64,71,85,0.23675436596273935,0.2148177218684502
12,116,13,17,12,5,12,5,13,36,85,90,105,116,0.12257570366928645,0.1175760688526255
12,50,5,8,3,3,2,4,5,32,39,42,45,50,0.38285419368100543,0.33541286204666954
12,107,1,0,37,8,9,3,1,1,66,74,91,107,0.01,1.0
12,442,5,59,44,25,2,0,5,93,411,436,441,442,0.2736782105536856,0.23623462441624757
12,191,38,30,8,8,4,2,38,96,167,175,182,191,0.14024843096122,0.13596355289983753
7,68,4,2,18,21,7,4,68,2,33,54,61,68,0.3093416695131806,0.2677944477269955
12,340,2,0,10,1,20,4,2,3,38,39,304,340,0.1913475414903981,0.16833577691528556
12,89,3,13,19,11,2,2,3,18,54,65,77,89,0.1843553235164801,0.16813986863905342
12,221,1,28,63,10,12,4,1,33,143,153,184,221,0.01,1.0
7,184,11,3,29,28,68,11,184,3,36,64,132,184,0.24324457957471113,0.21151424241941214
12,6165,1017,646,608,494,181,269,1017,2232,4255,4749,5197,6165,0.05675580359217337,0.05923665904125138
12,1158,227,182,127,83,11,12,227,628,981,1064,1102,1158,0.11717586355621926,0.11619593078317794
12,59,25,5,0,2,1,1,25,47,55,57,58,59,0.22063793783123078,0.21357248970497383
12,2432,6,62,117,114,219,506,6,109,371,485,886,2432,0.13773377234205345,0.1209966998919675
12,9076,801,1331,1112,981,236,329,801,2985,6427,7408,8143,9076,0.14966636532455158,0.14088986142685997
12,6397,398,1289,690,285,72,130,398,2363,5672,5957,6121,6397,0.2201231218041601,0.19814501129601003
12,1734,263,188,123,110,112,118,263,754,1135,1245,1437,1734,0.3023332597623047,0.2784057656635461
8,976,4,259,92,92,16,4,976,593,918,918,971,976,0.2864739898900449,0.2521006875618453
12,3371,7,60,68,175,228,971,7,83,303,478,977,3371,0.10727863075484083,0.09096232161911727
12,30690,4065,4788,3488,2027,499,973,4065,12695,24873,26900,28308,30690,0.13835400941284853,0.132405752144051
7,4093,35,1368,578,402,162,35,4093,1368,3202,3604,3766,4093,0.18321936553846013,0.1774065746275378
12,1976,622,363,52,24,6,6,622,1391,1914,1938,1959,1976,0.12291611138076838,0.12445477876347857
12,2501,22,75,125,63,125,718,22,137,685,748,985,2501,0.16502311128342542,0.15552482498997275
12,3263,1170,540,63,74,51,27,1170,2443,3046,3120,3202,3263,0.13298916290909574,0.13568229930543035
9,635,1,116,120,138,57,1,635,217,410,548,605,635,0.14581870367934172,0.13849488562363196
12,180,5,4,6,7,3,24,5,19,68,75,83,180,0.0805669034274678,0.07391722846525768
12,897,18,18,54,66,92,187,18,50,172,238,386,897,0.0949830470087367,0.08620806197566452
12,2290,293,320,296,167,77,59,293,909,1698,1865,2114,2290,0.11503559063533669,0.11171657320660675
12,4171,389,615,488,257,110,133,389,1645,3408,3665,3942,4171,0.17414829932239484,0.1621178634751343
12,1100,184,438,0,0,0,0,184,895,1100,1100,1100,1100,0.23188082275695235,0.20719018108241957
12,117,4,3,6,0,3,67,4,7,21,21,30,117,0.016155055531282377,0.01
12,12960,196,602,1443,1439,977,1619,196,1207,5003,6442,8647,12960,0.14907254984336743,0.13685981655555565
12,22076,3211,4361,1745,775,315,149,3211,11429,19986,20761,21501,22076,0.1741966089148002,0.1632002216847159
8,5238,47,408,769,769,1287,47,5238,762,2017,2017,4625,5238,0.16520513346727556,0.150172421799486
12,103,0,1,3,0,38,26,0,1,6,6,51,103,1.5,0.1
12,59,0,5,0,0,4,7,0,8,13,13,17,59,1.5,0.1
12,112,22,17,1,2,5,40,22,51,57,59,66,112,0.07843001657128101,0.0844603937068386
12,67,7,3,1,16,0,9,7,16,26,42,45,67,0.01,0.010706681742303234
12,102,19,2,39,6,1,6,19,30,76,82,87,102,0.01,0.01469079337293684
8,147,0,35,3,3,1,0,147,131,141,141,145,147,0.30368949746046436,0.28168077621546556
12,281,39,37,38,27,13,4,39,116,216,243,262,281,0.11484712751644735,0.11187893521943876
12,253,29,59,19,8,3,1,29,112,227,235,242,253,0.12946228996489878,0.12283287011964596
12,153,16,20,8,3,4,16,16,57,98,101,112,153,0.03761071409156143,0.0385346284924936
12,219,21,4,52,17,3,0,21,31,176,193,211,219,0.02783037461903479,0.028702255743605347
11,112,6,8,4,18,7,15,6,14,33,51,77,112,0.08446636259520753,0.07919580134077761
12,453,76,44,7,19,26,63,76,205,250,269,312,453,0.01,0.014686728831127463
12,1161,75,191,74,65,36,57,75,373,863,928,1004,1161,0.2164610804713175,0.19785367103441553
12,1035,302,161,18,17,3,4,302,883,984,1001,1018,1035,0.25394691515743056,0.23203033094434172
9,91,78,0,0,3,6,78,91,0,2,5,11,91,1.5,0.1
12,149,17,4,21,12,0,24,17,32,66,78,114,149,0.027959433795123913,0.028628599494151235
12,2162,90,392,246,171,93,56,90,632,1578,1749,1987,2162,0.22774682091606646,0.2019868855714497
12,1243,73,44,305,153,47,45,73,218,844,997,1116,1243,0.1578232720675203,0.14564889540766046
12,54,0,9,6,0,1,1,0,10,50,50,53,54,1.5,0.1
12,58,0,9,6,6,2,7,0,12,36,42,45,58,1.5,0.1
12,243,16,36,37,3,9,14,16,87,196,199,213,243,0.21771308720070853,0.19932739991437756
12,285,10,39,4,5,15,76,10,65,98,103,120,285,0.08067623204422793,0.07671356989765737
10,276,64,103,3,4,0,0,64,167,266,270,270,276,0.2459077307357974,0.22210730622438343
12,230,14,12,17,12,26,39,14,31,79,91,128,230,0.04691775218984912,0.0441102526997254
12,558,32,57,48,49,34,62,32,133,284,333,404,558,0.06899783802346231,0.06573871869711935
12,608,110,160,21,10,12,48,110,348,484,494,521,608,0.11902429572735722,0.11789076146881343
12,530,82,102,29,17,16,15,82,281,423,440,469,530,0.17117176046562935,0.16320550607320694
8,106,1,25,14,14,3,1,106,57,87,87,101,106,0.12154646358984292,0.12296377876745822
11,368,84,57,61,11,11,1,84,141,293,304,356,368,0.24111896547574876,0.2206189810944738
12,702,0,0,1,0,0,392,0,6,11,11,11,702,1.5,0.1
12,5076,901,1522,170,49,15,7,901,3653,4954,5003,5034,5076,0.21237848758752428,0.1946401673483092
11,52,25,16,0,0,0,0,25,41,51,51,52,52,0.3254329009220815,0.2884059746808471
12,892,3,23,67,86,94,167,3,53,184,270,460,892,0.14917741288363834,0.13330649982184326
7,197,3,65,39,32,16,3,197,65,139,171,187,197,0.0942523528810332,0.09884401382443511
10,51,1,8,18,6,0,3,1,9,38,44,44,51,0.01,1.0
12,136,6,11,6,4,13,10,6,27,41,45,72,136,0.062147575081025835,0.057573376928307295
12,198,47,48,4,3,0,6,47,163,177,180,180,198,0.256046631491635,0.23365151371745008
11,59,11,20,0,0,1,5,11,31,45,45,48,59,0.2948030457619731,0.26636368888650963
7,55,6,6,1,1,13,6,55,6,12,13,26,55,0.04020425481067582,0.03593263315596822
11,171,17,28,15,2,7,12,17,45,120,122,137,171,0.2109286272625189,0.19612115092215546
12,138,20,32,0,7,5,2,20,70,110,117,133,138,0.18116800402308156,0.16988088450954533
12,66,2,1,1,2,9,14,2,4,15,17,35,66,0.09910696395068955,0.09296421885814872
12,171,37,18,8,16,4,2,37,86,136,152,165,171,0.07732732034056693,0.08067031146898503
12,157,1,13,10,4,7,17,1,20,82,86,104,157,0.01,1.0
12,81,11,13,8,2,5,10,11,34,55,57,66,81,0.015262930938994487,0.018245584861741222
12,162,13,11,28,51,6,1,13,43,90,141,157,162,0.1294686858383954,0.12164581741485997
12,572,1,1,83,263,26,49,1,2,110,373,462,572,0.01,1.0
8,312,7,44,87,87,7,7,312,85,256,256,300,312,0.200072886984229,0.18200611757712357
12,52,0,0,0,1,0,22,0,0,1,2,2,52,1.5,0.1
4,974,65,1,26,26,882,65,974,1,27,27,909,974,0.47709136879947067,0.36429769238185344
11,140,11,40,1,12,3,1,11,51,113,125,136,140,0.2622002679565107,0.23496725374858743
10,228,38,27,25,6,3,6,38,65,195,201,204,228,0.15034806910465054,0.14307845188257137
11,112,12,17,11,2,0,3,12,29,77,79,80,112,0.25642046002023217,0.2359149732810321
12,23353,1160,1902,2523,2043,1249,1947,1160,4499,12336,14379,17233,23353,0.11544299653849618,0.10875476939678705
12,9124,1655,1032,524,436,332,551,1655,4296,6418,6854,7628,9124,0.01,0.01525566302962963
12,4504,482,380,206,357,333,415,482,1186,2030,2387,3126,4504,0.02261555795218965,0.023237023897188902
12,2382,300,211,174,290,181,117,300,710,1146,1436,1848,2382,0.03550197988025857,0.036807420592373186
11,6029,494,289,596,803,359,950,494,783,2318,3121,4091,6029,0.01095086786010507,0.01
12,17361,1536,2313,1658,1077,821,1047,1536,5822,11220,12297,14257,17361,0.11170605770626099,0.10756452231199684
12,1781,142,23,147,90,154,123,142,592,1019,1109,1393,1781,0.4691245102550267,0.42976954733421235
12,1516,204,205,100,86,107,117,204,513,900,986,1172,1516,0.01,0.012671032032380139
7,1169,134,142,209,171,205,134,1169,142,423,594,799,1169,0.07625692395124947,0.07213209242971215
12,56,2,4,3,2,7,5,2,9,20,22,35,56,0.0803310250651763,0.07435809853994267
12,170,2,12,8,4,22,26,2,24,47,51,81,170,0.0814964420607076,0.07173059307973353
11,730,139,52,43,25,67,31,139,191,355,380,480,730,0.01,0.014734713828407194
12,213,8,17,19,20,29,0,8,53,103,123,176,213,0.14201114845533,0.13209407997128456
12,95,8,3,6,8,7,4,8,13,37,45,62,95,0.010554648951673502,0.01
12,53,8,15,0,1,0,5,8,32,37,38,39,53,0.2485822802376281,0.23038882636402555
12,255,3,5,11,11,13,24,3,11,38,49,68,255,0.07043710542146925,0.06021602658472898
10,888,150,222,76,52,18,19,150,372,702,754,772,888,0.2144066156440675,0.20032827322690433
12,1109,22,30,33,35,285,69,22,71,194,229,633,1109,0.12185076630717193,0.11138256590092865
8,1056,118,65,69,69,256,118,1056,189,360,360,700,1056,0.01142448220096619,0.01
12,1969,120,411,171,65,2,13,120,822,1844,1909,1917,1969,0.23241520004361027,0.20760544093501598
9,520,27,122,30,40,19,27,520,238,383,423,442,520,0.1755646486483586,0.16880005977341564
10,466,58,63,33,98,21,40,58,121,299,397,418,466,0.14788015827511886,0.1406283975593577
12,366,11,139,2,2,9,26,11,161,309,311,323,366,0.3078438475081024,0.26325899235734107
11,902,28,157,124,6,5,7,28,185,864,870,879,902,0.3206673826165116,0.2748165545507062
12,487,86,56,9,17,51,3,86,191,283,300,370,487,0.01,0.01464036322700909
7,127,1,28,17,24,20,1,127,28,67,91,111,127,0.09064244651374097,0.09104837360037354
6,1472,1,530,335,335,205,1,1472,530,1180,1180,1385,1472,0.12942480523814204,0.130632041803706
6,1204,7,352,348,348,214,7,1204,352,930,930,1144,1204,0.14792364922660767,0.14368621422657304
10,130,5,13,3,20,2,6,5,18,78,98,100,130,0.36796992798559736,0.3223534202734067
11,1808,46,148,182,202,199,39,46,194,503,705,1055,1808,0.1309297740336082,0.11986439378535942
11,547,70,86,24,75,28,10,70,156,244,319,444,547,0.02582974311559542,0.02764339282049174
10,3076,577,888,51,4,2,8,577,1465,3036,3040,3042,3076,0.239095329416538,0.21366367386155868
4,74,3,40,16,16,15,3,74,40,56,56,71,74,0.2786828682764725,0.25873256223170604
12,1210,179,366,60,35,5,3,179,848,1142,1177,1194,1210,0.23456637427225063,0.21258672067075565
12,131,5,13,18,31,4,3,5,33,81,112,124,131,0.18657230653898865,0.17032056344186966
12,160,11,79,2,0,1,0,11,118,158,158,160,160,0.2848508988280259,0.2443793000007219
12,55,8,11,9,6,0,0,8,30,48,54,55,55,0.14882101181239804,0.1418764699727724
12,157,12,20,16,9,2,11,12,60,124,133,145,157,0.18140828252396068,0.16825995687583578
12,226,7,54,24,14,4,6,7,75,190,204,215,226,0.26724631073832916,0.23651878460576664
12,292,11,24,34,13,6,10,11,46,247,260,278,292,0.0927182209655992,0.08828973062763891
8,93,0,35,0,0,3,0,93,70,90,90,93,93,0.2581106416699665,0.2328846885982318
12,241,9,7,71,28,9,19,9,27,162,190,210,241,0.18483561270799698,0.16764677194600952
7,339,0,82,42,62,58,0,339,82,202,264,322,339,0.12049112718392853,0.1190316075726141
12,61,29,7,8,2,1,4,29,37,48,50,49,61,0.5180337810133788,0.47425467569005747
12,2550,441,333,121,209,138,42,441,1105,1677,1886,2288,2550,0.1521437406733335,0.14546160240768752
12,1879,107,256,145,299,122,38,107,518,1089,1388,1672,1879,0.15436449529595675,0.14389724309500113
12,63,24,14,0,0,0,0,24,53,60,60,62,63,0.26429719291753057,0.24062631761053901
12,840,5,3,33,143,207,54,5,11,47,190,598,840,0.26151058173865005,0.251140240386357
12,308,111,41,6,16,2,3,111,189,226,242,294,308,0.45364004386138135,0.41649930673051944
12,8521,584,1042,997,420,779,76,584,2660,5963,6383,7884,8521,0.15934735932223446,0.14882503666303357
12,2811,257,587,342,160,92,49,257,1191,2246,2406,2585,2811,0.1842974271938464,0.17121703360315005
12,677,16,29,24,23,48,228,16,75,203,226,301,677,0.7818641215917619,0.7501736440700717
12,3585,387,1110,209,220,113,34,387,1943,2920,3140,3404,3585,0.2243648361010257,0.20502509377593328
12,1767,82,481,99,69,37,50,82,741,1465,1534,1629,1767,0.2678709600311983,0.23838136869592075
12,665,78,126,27,33,11,29,78,297,520,553,600,665,0.17908945924536138,0.1679115025882709
12,4980,83,271,596,638,437,344,83,471,2150,2788,3607,4980,0.17638365281577376,0.16148873548286904
12,3555,521,952,213,140,44,62,521,2115,3168,3308,3384,3555,0.20192115405588992,0.18685692467645915
11,508,70,141,24,13,9,12,70,211,424,437,453,508,0.2610785562880737,0.23607579979244536
11,779,5,13,114,144,113,23,5,18,174,318,578,779,0.22300981066575737,0.19852590203405843
12,2029,210,295,111,67,105,59,210,837,1413,1480,1640,2029,0.12272073084824268,0.11868624833695338
12,4429,227,436,814,1573,121,22,227,971,2221,3794,4155,4429,0.15345313528986892,0.14110887402484085
12,1452,94,87,87,109,135,284,94,253,597,706,904,1452,0.04238066924752722,0.04029253627175954
9,3965,65,236,550,435,519,65,3965,439,2474,2909,3428,3965,0.2613402283585016,0.23247000664332274
12,51,5,4,15,3,0,0,5,22,48,51,51,51,0.1577937706514811,0.14743972161434882
12,61,2,5,6,3,0,2,2,10,49,52,56,61,0.22766770118091673,0.2024079444840535
12,175,5,3,47,55,9,0,5,10,72,127,171,175,0.1683561759055817,0.15095227914350606
12,66,2,10,1,1,5,12,2,12,40,41,48,66,0.29172043659237573,0.2612702774600338
12,105,16,17,0,1,17,0,16,59,69,70,97,105,0.27787880394224956,0.25740343039607844
12,51,7,6,2,1,4,2,7,19,27,28,36,51,0.05638743804779508,0.057332376309622325
12,229,9,65,2,0,5,11,9,124,209,209,216,229,0.5328378711174601,0.47646930450405983
12,100,18,4,2,1,3,4,18,60,86,87,93,100,0.29306913922329425,0.26757571542467223
9,402,4,43,99,109,61,4,402,50,195,304,365,402,0.2674241972316607,0.23407143806021555
12,594,45,82,117,30,1,3,45,184,546,576,589,594,0.18414286419386114,0.16757413627002496
12,66,0,2,5,9,0,17,0,3,24,33,36,66,1.5,0.1
12,738,25,136,40,50,18,34,25,238,571,621,679,738,0.2709517994136686,0.24152030750531073
12,329,55,43,36,14,3,6,55,160,294,308,319,329,0.13158050047547137,0.1274342948466733
12,217,0,0,14,37,30,52,0,0,21,58,118,217,1.5,0.1
12,744,61,165,75,42,6,9,61,346,654,696,712,744,0.2107230547196977,0.19223219478772102
12,134,25,17,14,13,1,1,25,61,103,116,131,134,0.07529504088823102,0.07744633437081153
7,63,8,9,4,12,18,8,63,9,18,30,48,63,0.033247203653141134,0.03217617703235504
12,52,0,0,9,0,0,11,0,0,16,16,16,52,1.5,0.1
12,651,44,98,51,11,0,0,44,209,638,649,651,651,0.09359940704030895,0.09074314477983764
11,168,57,44,0,0,0,0,57,101,168,168,168,168,0.18943490828009074,0.17932315401937715
12,451,17,49,49,50,48,17,17,88,223,273,354,451,0.14364095535288574,0.13354589222209007
10,294,76,129,2,6,11,0,76,205,273,279,290,294,0.2710692114246593,0.24227366909520456
8,2268,4,284,571,571,174,4,2268,318,1461,1461,2156,2268,0.31470653554435873,0.27264418382639083
12,3871,611,577,308,307,204,174,611,1674,2575,2882,3430,3871,0.028088129857855512,0.03170448968303178
12,2056,221,257,180,183,142,49,221,724,1355,1538,1827,2056,0.10681518699541648,0.10356016804385088
12,813,56,81,95,60,72,36,56,227,475,535,680,813,0.11735113370128335,0.11154981492259722
12,186,6,8,22,12,14,23,6,32,75,87,109,186,0.07086095849427103,0.06510948428716541
12,971,37,36,52,65,83,163,37,98,270,335,541,971,0.014232830060216436,0.01
12,2026,245,291,198,89,102,154,245,809,1365,1454,1631,2026,0.041755605276076725,0.0434128930717423
12,4909,147,128,100,152,429,830,147,379,694,846,1495,4909,0.08496016990719774,0.0822105986096909
12,5373,766,541,333,378,437,278,766,2063,3162,3540,4301,5373,0.01,0.013193509851095983
12,789,202,131,19,16,17,7,202,611,696,712,757,789,0.2552136754920379,0.2351551335800438
12,70,12,19,7,0,3,5,12,37,55,55,60,70,0.11998135442513692,0.11849852816011872
12,63,2,1,5,4,13,5,2,6,18,22,38,63,0.09116316985643234,0.08378940613062563
12,8193,28,289,363,731,1636,413,28,442,1342,2073,4948,8193,0.19184697028110204,0.17139005860790849
8,745,25,119,96,96,61,25,745,266,537,537,674,745,0.13107291270487031,0.1274038538683377
12,52,0,0,1,2,36,1,0,0,2,4,42,52,1.5,0.1
12,252,40,52,17,11,2,10,40,145,207,218,224,252,0.2543419573597113,0.2298377105232338
12,320,67,33,12,39,15,22,67,141,207,246,277,320,0.07605419735322193,0.07943758593103022
12,170,44,27,8,1,2,2,44,136,156,157,164,170,0.2652950023310255,0.24229118921024814
12,153,5,13,22,9,0,1,5,35,141,150,151,153,0.23971573837692617,0.21128734165469723
12,60,4,19,4,0,3,4,4,38,49,49,53,60,0.3427716402945473,0.3010200253452243
12,247,2,9,21,29,27,17,2,16,74,103,158,247,0.17513372640718566,0.1589408132097106
12,151,8,10,3,15,24,11,8,41,52,67,102,151,0.031932544277817054,0.029360259941086715
12,96,19,23,1,3,1,8,19,72,80,83,85,96,0.15371113456470314,0.14867786675325356
12,733,94,59,40,43,34,62,94,234,441,484,542,733,0.01,0.012385184444965247
12,598,77,138,22,18,5,19,77,359,516,534,551,598,0.23147216975642007,0.2123915137639291
12,392,13,97,27,11,2,19,13,165,310,321,333,392,0.31505308548596045,0.2791778730141994
8,884,7,175,69,69,103,7,884,260,589,589,794,884,0.27015703166061283,0.2373319323736029
12,4674,181,1078,313,111,37,8,181,2126,4438,4549,4620,4674,0.2783225560320929,0.24430797176425403
12,349,2,0,6,21,6,257,2,2,8,29,39,349,0.14946945652772078,0.14784852590800207
12,7415,586,1466,860,378,52,115,586,3166,6606,6984,7125,7415,0.20820676658004877,0.18950942938035625
12,572,95,118,40,22,0,2,95,373,539,561,569,572,0.2097972548988733,0.1940645978714267
12,342,7,21,36,39,36,0,7,36,207,246,333,342,0.21326304143901803,0.19153808415292706
12,70,3,3,0,0,1,5,3,7,36,36,48,70,0.09705392390957826,0.09236286045704764
12,716,5,58,101,87,53,26,5,76,438,525,642,716,0.2823987523525178,0.25077323363265586
12,2892,53,544,306,159,39,104,53,891,2394,2553,2668,2892,0.2933559830993016,0.2589594627373252
12,603,138,191,3,4,0,0,138,540,591,595,596,603,0.24112455980128591,0.2175699377971788
12,51,4,2,2,6,8,10,4,6,15,21,29,51,0.011480992870554419,0.01
12,127,2,9,11,12,9,25,2,13,42,54,69,127,0.0907473085272636,0.08187232780763593
12,5004,194,448,876,701,267,257,194,982,3003,3704,4355,5004,0.17780752106580522,0.16319597409139397
12,1523,196,263,179,108,19,17,196,708,1299,1407,1472,1523,0.15859876739168047,0.14971339521262497
7,144,16,30,16,15,23,16,144,30,66,81,104,144,0.01,0.01330058405953515
12,702,190,165,17,27,14,5,190,424,562,589,653,702,0.01,0.01862571888554922
12,460,145,38,22,21,6,1,145,264,334,355,445,460,0.012495149798802424,0.02388006118987541
12,314,89,10,8,12,14,4,89,217,250,262,293,314,0.3071184706945729,0.2816998761650378
12,466,23,40,52,75,42,9,23,91,239,314,445,466,0.1516870132072365,0.14027155540998945
12,252,15,10,23,56,8,7,15,42,138,194,218,252,0.14932784105778668,0.13896377895173748
12,892,19,19,19,50,87,288,19,43,102,152,339,892,0.0172398988347285,0.01
12,2638,169,389,140,242,210,127,169,799,1509,1751,2180,2638,0.12716848571033765,0.12044232278732452
12,895,146,172,20,52,78,2,146,528,649,701,835,895,0.2297577452409628,0.21572835306150806
12,308,140,15,1,2,2,4,140,269,279,281,286,308,0.26764800307410264,0.24916282099032352
12,68,6,3,3,4,2,11,6,17,27,31,38,68,0.010445314493983015,0.01
12,187,2,2,4,3,102,3,2,8,20,23,137,187,0.770226852875003,0.7539749633822447
12,401,75,100,15,8,36,11,75,209,304,312,362,401,0.08519690048219015,0.08709384776236063
12,1071,160,130,50,90,103,78,160,389,522,612,800,1071,0.01,0.013168349266523514
8,809,59,99,134,134,45,59,809,254,498,498,662,809,0.016768037018547583,0.020328694428764105
12,13686,2309,2398,1191,671,133,236,2309,6913,12028,12699,13044,13686,0.21516564215842252,0.19280930664818335
12,3317,419,241,257,147,149,217,419,1046,1821,1968,2164,3317,0.03214672437236668,0.033663836042129754
12,2326,394,322,287,151,52,37,394,977,1960,2111,2200,2326,0.108007238861232,0.10644910288372902
12,141,25,7,7,6,2,1,25,54,89,95,135,141,0.011362815015831173,0.016008220481812815
7,90,24,4,2,5,8,24,90,4,9,14,22,90,0.11258708989856102,0.09880503459701243
12,4782,25,44,469,428,248,1400,25,83,958,1386,1876,4782,0.021574452340204907,0.01
12,53218,3030,2618,4882,3877,1848,10182,3030,8747,23070,26947,31312,53218,0.012371091995038802,0.01
12,57332,13760,8869,3443,1447,372,204,13760,34188,54246,55693,56802,57332,0.12504470375533955,0.12391888175130927
12,211,111,30,2,2,4,0,111,180,194,196,204,211,0.21434535644475516,0.21234995659834105
12,66,1,7,4,9,5,9,1,10,24,33,48,66,0.01,1.0
12,473,9,9,38,52,26,123,9,23,112,164,243,473,0.10521329348024075,0.09647791442291823
7,1336,113,169,144,235,280,113,1336,169,465,700,980,1336,0.09373705450262129,0.08886932563587793
12,107,11,14,9,9,2,31,11,29,51,60,65,107,0.012433140065834423,0.01280853540252324
12,310,15,22,37,36,13,20,15,54,186,222,249,310,0.1745241416474057,0.15958180266602462
12,344,37,57,33,20,18,10,37,118,268,288,315,344,0.15343094101289736,0.144460044621958
12,337,31,51,32,11,14,20,31,124,218,229,249,337,0.04963961166932842,0.049576322104883996
12,218,22,29,16,15,10,3,22,74,153,168,192,218,0.1359827771041812,0.12959465282046537
12,121,17,17,9,7,10,5,17,46,85,92,109,121,0.08244099899931977,0.08250748775188242
12,173,18,40,10,9,10,4,18,76,132,141,157,173,0.175820208970449,0.1646737207133438
12,186,16,19,13,5,7,11,16,69,147,152,164,186,0.20426366344421543,0.18871871687748917
12,50,17,5,2,1,1,3,17,30,35,36,38,50,0.19176574664478052,0.19501448978945218
12,98,2,6,6,5,4,20,2,10,22,27,35,98,0.10157795577427382,0.09340452426696413
12,506,48,27,77,71,43,38,48,97,241,312,381,506,0.01658101418427475,0.016796560147632637
12,586,91,93,52,27,15,14,91,311,501,528,551,586,0.15788955670318927,0.15088840093171216
7,176,14,21,29,47,28,14,176,21,70,117,145,176,0.15521243347619312,0.14396494605665386
12,1903,39,148,193,151,153,115,39,298,971,1122,1412,1903,0.17309844340251118,0.15966496159654767
12,1910,275,359,125,77,15,11,275,901,1744,1821,1858,1910,0.17259105129763772,0.16104148860645937
12,142,38,27,3,19,1,1,38,95,116,135,137,142,0.12996464599096355,0.1305454653311422
12,92,6,3,13,7,3,12,6,20,54,61,69,92,0.02190037356663729,0.020753275340956702
12,571,4,44,76,132,29,1,4,70,250,382,519,571,0.22934454695798276,0.20479756142822728
12,280,10,8,25,22,18,46,10,19,95,117,147,280,0.014529949900389446,0.01
12,953,55,150,100,82,16,11,55,286,743,825,895,953,0.20697191516367883,0.1881666055602112
12,882,81,110,115,87,29,26,81,271,634,721,792,882,0.14391532415170785,0.13572722480344795
4,84,2,50,23,23,9,2,84,50,73,73,82,84,0.2469927035437461,0.23501593827376083
9,50,1,3,13,3,1,1,50,4,40,43,44,50,0.01,1.0
12,231,12,14,22,12,8,43,12,35,118,130,143,231,0.012500089108335225,0.01
12,2924,279,341,314,344,94,107,279,899,2001,2345,2613,2924,0.13408351792460213,0.12734495300476661
8,770,27,81,110,110,127,27,770,173,356,356,615,770,0.09515757018118688,0.09087644462384226
11,963,146,238,56,83,45,27,146,384,698,781,870,963,0.19593922126506802,0.18487033786097914
12,479,41,30,50,47,19,28,41,87,223,270,311,479,0.010292603713859007,0.01
12,507,8,48,125,82,81,2,8,61,238,320,490,507,0.19277889024002284,0.17294177960891885
12,434,12,7,7,29,47,62,12,23,44,73,173,434,0.021751424618205298,0.015674006202372966
12,100,0,0,2,6,29,20,0,1,7,13,57,100,1.5,0.1
12,800,10,7,43,43,185,75,10,26,97,140,400,800,0.1677226940201503,0.16172660820275664
12,163,9,10,5,8,13,2,9,22,51,59,86,163,0.03320021288578854,0.030264740345737784
12,270,7,15,44,74,17,15,7,36,125,199,231,270,0.18296368582092,0.16634515333194944
12,1144,14,10,51,41,141,169,14,49,141,182,397,1144,0.15264738778135517,0.14367627580608602
12,753,100,35,16,17,25,19,100,176,331,348,400,753,0.028741267151266667,0.03005321511978263
12,520,1,4,27,51,87,115,1,7,57,108,276,520,0.01,1.0
12,1236,89,120,174,157,85,22,89,368,779,936,1130,1236,0.13930033394506386,0.13107791511820518
12,394,36,40,31,26,17,10,36,113,290,316,357,394,0.15852268808141484,0.14854741095553914
8,53,2,22,6,6,3,2,53,34,44,44,51,53,0.2776489973926127,0.25222400982308263
12,668,0,0,0,0,0,668,0,0,0,0,0,668,1.5,0.1
12,80,0,0,0,0,0,80,0,0,0,0,0,80,1.5,0.1
12,120,0,0,0,0,0,120,0,0,0,0,0,120,1.5,0.1
12,372,0,0,0,0,0,372,0,0,0,0,0,372,1.5,0.1
12,1282,52,181,114,69,9,20,52,387,1095,1164,1243,1282,0.2405477844903055,0.21445426306491835
12,51,0,0,0,0,18,4,0,0,2,2,20,51,1.5,0.1
12,121,0,0,3,0,13,27,0,2,6,6,26,121,1.5,0.1
12,59,2,4,3,2,9,18,2,7,18,20,31,59,0.06928917399600291,0.06346953391270665
12,285,12,68,17,38,28,1,12,111,163,201,265,285,0.1731388279520662,0.15980889648577074
9,1431,13,196,323,164,149,13,1431,211,977,1141,1290,1431,0.3935703900444508,0.3386911459623523
12,1750,41,143,122,79,130,155,41,235,605,684,899,1750,0.10607708238389711,0.09822762620581917
5,4044,43,712,1618,1268,1268,43,4044,712,2330,3598,3598,4044,0.26594387013182785,0.23416534379397744
12,1191,0,27,38,103,188,162,0,35,125,228,558,1191,1.5,0.1
12,1459,401,113,300,71,25,42,401,783,1231,1302,1372,1459,0.13249363724050098,0.13398595706151775
7,795,33,206,114,53,150,33,795,206,449,502,652,795,0.01,0.016175779823083214
12,712,0,0,0,5,251,87,0,0,0,5,297,712,1.5,0.1
12,5779,324,748,828,387,137,28,324,1446,4819,5206,5545,5779,0.20141884118168643,0.18197971064438356
12,548,69,114,57,11,0,0,69,359,534,545,548,548,0.25187506550006383,0.22756404707497435
12,657,55,102,58,43,35,13,55,234,471,514,586,657,0.17807999963330812,0.16464585969679624
12,1312,32,63,47,209,40,238,32,124,304,513,659,1312,0.11368216900917091,0.1071937253817909
12,15229,572,2022,2119,568,194,59,572,3937,13946,14514,14966,15229,0.23414979129188335,0.20722489140971964
12,860,107,98,70,33,25,61,107,294,597,630,679,860,0.049237237680476144,0.0506452699484288
12,524,44,45,76,25,20,0,44,113,347,372,504,524,0.13463119778943292,0.12648251161553425
12,586,42,88,42,46,35,18,42,186,341,387,468,586,0.11142326751514604,0.10647139033216312
12,859,29,76,64,44,53,102,29,128,384,428,539,859,0.07843243158237362,0.07266878422491284
12,5814,535,962,639,281,181,28,535,2152,4715,4996,5474,5814,0.17742648385977627,0.1645843015580192
12,714,234,75,16,31,47,5,234,450,522,553,624,714,0.01,0.022677223715185192
12,180,18,33,22,7,8,4,18,56,140,147,166,180,0.01718832053505201,0.018727868291776084
12,98,5,17,9,8,7,1,5,36,69,77,87,98,0.24169056127444083,0.2183079874077229
12,2105,3,23,80,120,231,528,3,36,268,388,737,2105,0.14164464059054938,0.12331922103341618
12,2168,662,325,211,25,2,75,662,1472,2029,2054,2080,2168,0.3324973167283631,0.29953977851924907
12,817,134,238,62,26,19,4,134,493,675,701,749,817,0.18457679802532598,0.17431730192736755
12,468,55,164,5,6,10,9,55,353,394,400,415,468,0.295456638763869,0.2606293977211676
12,143,23,36,4,14,0,0,23,84,88,102,104,143,0.2598770100608666,0.2440253843885462
12,2104,102,131,50,227,236,301,102,391,579,806,1248,2104,0.013145389810616623,0.01
12,14106,891,1441,1003,1169,1147,1163,891,3526,7664,8833,10680,14106,0.09213701617095216,0.08805552922959636
12,9335,2157,1020,523,457,282,302,2157,5641,7294,7751,8303,9335,0.18158632966612948,0.17699050002635286
11,3016,244,232,133,177,278,355,244,476,1106,1283,1781,3016,0.011192763163697151,0.01
12,4825,501,817,413,288,336,318,501,1875,3005,3293,3991,4825,0.07420669927942614,0.07346971738764911
12,23924,687,1541,2737,1549,2883,2354,687,3015,9266,10815,15908,23924,0.1176612147125852,0.10984745595497518
12,49571,3862,5450,4365,4610,4357,2124,3862,14234,28434,33044,42035,49571,0.10890237786097436,0.1041293488519013
12,23990,2755,2399,1793,1853,1887,1435,2755,7796,14044,15897,19227,23990,0.012909500748100312,0.014696760430517018
8,25035,1091,3535,4052,4052,2808,1091,25035,6747,14182,14182,21095,25035,0.12345452620266016,0.11750677968133208
12,561,143,117,26,8,0,2,143,395,547,555,556,561,0.010436371684011982,0.018335050114924794
12,112,0,0,3,7,7,20,0,0,9,16,26,112,1.5,0.1
9,124,7,27,2,11,3,7,124,76,94,105,108,124,0.15815301638043103,0.16155718291461374
12,69,8,4,6,1,8,23,8,14,24,25,34,69,0.01,0.01035559861745771
12,168,12,2,4,19,28,24,12,14,25,44,85,168,0.012245087588273687,0.01
11,705,15,28,10,44,54,106,15,43,78,122,233,705,0.12625678110615338,0.11697934102541399
11,696,117,104,60,64,68,14,117,221,381,445,556,696,0.01,0.013979111978904717
12,320,30,26,27,21,13,11,30,115,202,223,273,320,0.10621649749831485,0.10287276774300823
7,286,24,26,52,40,103,24,286,26,92,132,235,286,0.15343487564034125,0.14027831300777913
12,66,0,0,19,47,0,0,0,0,19,66,66,66,1.5,0.1
9,5152,424,12,223,240,210,424,5152,25,287,527,737,5152,0.19737778934713762,0.1698944086750706
